"","degree(ats.graph, v = V(ats.graph), mode = ""in"", loops = TRUE, normalized = FALSE)"
"GunsandCoffee70",0
"YazeedDhardaa25",0
"BaqiyaIs",0
"abubakerdimshqi",0
"WhiteCat_7",0
"warreporter2",0
"al_nusra",0
"abuhanzalah10",0
"Bajwa47online",0
"AsimAbuMerjem",0
"AbuLaythAlHindi",0
"abdlrhmn15",0
"MaghrabiArabi",0
"NaseemAhmed50",0
"CXaafada2",0
"maisaraghereeb",19
"Abu_Azzzam25",0
"darulhijrateyni",1
"BilalIbnRabah1",0
"JoinISNation102",0
"abuhumayra4",1
"fahadslay614",10
"ismailmahsud",33
"06230550_IS",0
"Alwala_bara",0
"bintraveller",1
"RamiAlLolah",0
"mobi_ayubi",2
"QassamiMarwan",0
"Al_Battar_Engl",0
"Witness_alHaqq",0
"warrnews",38
"AbuNaseeha_03",0
"_IshfaqAhmad",0
"Uncle_SamCoco",0
"MaghrebiQM",0
"ansarakhilafa",2
"Fidaee_Fulaani",0
"Battar_English",0
"AbdusMujahid149",0
"1515Ummah",0
"newerajihadi61",0
"mustaklash",9
"ManKhalfahum",0
"grezz10",0
"MhzBnt",0
"FidaeeFulaani",0
"WarReporter1",0
"ks48a174031",0
"mustafaklash56",5
"dieinurage29__7",0
"baaqiya_01",2
"lNSlDEWAR",0
"moustiklash",11
"MilkSheikh2",0
"klakishinki",1
"JohnsonsBot",0
"432Mryam",0
"c0n0fj1had4_",0
"DabiqsweetsMan",0
"Dieinurage308",0
"abuayisha102",3
"EPlC24",0
"Freedom_speech2",0
"thefIamesofhaqq",0
"IbnKashmir_",0
"Abu_Ibn_Taha",0
"Baqiyah_Khilafa",0
"MaghrebiHD",0
"alamreeki4",0
"Jazrawi_Joulan",0
"wayyf44rer",5
"abuayisha108",0
"squadsquaaaaad",1
"abutariq040",0
"MaghrebiQ",0
"sonofshishan",1
"safiyaimback",0
"wayf44rerr",36
"DawlaWitness11",0
"Jazrawi_Saraqib",0
"MaghrebiWM",0
"k_kid04",0
"abutariq041",1
"saifulakhir",1
"emran_getu",3
"war_analysis",0
"melvynlion",4
"Nidalgazaui",0
"al_zaishan10",0
"ro34th",0
"Suspend_Me_fags",0
"Afriqqiya_252",0
"murasil1",5
"btt_ar",13
"__alfresco__",16
"st3erer",11
"AbuMusab_110",0
"kIakishini5",0
"freelance_112",6
"nvor85j",5
"Mountainjjoool",0
"wayff44rer",0
"khalidmaghrebi",2
"seifulmaslul123",2
"cheerleadunited",2
"ibnnabih1",9
"muwmedia",4
"dawlat_islam7",1
"khalidmaghrebi_",5
"polder_mujahid",5
"abuw_ukasyah",1
"polder_mujaahid",1
"abuizzadeen2",5
"abdirahmanbash2",3
"ansardeenfront",1
"a8531",1
"emerat_aq_islam",1
"_khalidmaghrebi",2
"abuhamzaneh",1
"50w30",1
"jn_irhabiyya_97",1
"aba_m0hammed",1
"giimedia_ch004",2
"yazeeddhardaa25",2
"ibn_nuhas",1
"jazrawi_uod",1
"striv3ride",1
"afroqaqaisback",1
"baqiya58",1
"umulbanat1",1
"aljabarti22",1
"ummaysha20___",1
"abtigood",2
"asadalkanadi10",1
"bintrose33",1
"abuhaleema28",1
"skxxx50",1
"_muslimah1___",1
"jasonphedo",1
"aljabali23",1
"abdullahkayaniw",1
"checkcontentt",1
"skxx51",5
"striv3ric",7
"war_reports",4
"abuyaqub6",1
"alwalawalbara12",1
"cnn",10
"anti__terrorist",1
"followthehaqqq",1
"3diyah1000",1
"tawheed1_is",1
"ironmuhajir2",1
"jundhullah14",1
"jazrawi_missk",1
"pieternanninga",22
"uygaraktas",1
"muslimprisoners",30
"3bdulkaed6r",1
"syrializer",1
"ak47_pk",6
"spamci16",1
"flea1337",1
"1436rpg",1
"mustafaklashin7",1
"joinisnation78",1
"abubakrmuwahid",1
"jazrawi_ouud",3
"alarabiya_eng",21
"jtmharreh",2
"bintrosie34",7
"ramiallolah",565
"sakirkhader",11
"zaheralali00",1
"_mafalde_",1
"the_joker_dc",1
"anjemchoudary",4
"fujiomaiko",8
"isabatubaghdadi",1
"truthfulfamily2",1
"potus",2
"markito0171",44
"ejmalrai",11
"akhmad_john",1
"rahimred1",1
"islamiceyes",1
"aimanofarabia",3
"ayyx3",1
"_ummhussain",1
"iraqisuryani1",1
"w_jurjia",1
"pray4pal",1
"khadijavf",1
"joinisnation82",1
"princessbaqiya2",2
"jazrawi_3uud",1
"endoftimes411",1
"wakasfahad10",1
"lionerr20",1
"skjfgyi7r6",1
"w97788",1
"_croxetti_",9
"proj32",11
"wilayathalab",12
"abu_q_14",2
"abu_adamm",12
"netzpolitik",1
"amanlikeme",3
"eyeonmilitant",2
"jihadology_net",5
"skxx59",2
"ibnu_noran8",10
"etdz101010",10
"haditha21",11
"conflicts",72
"rt_com",12
"mrrman2",2
"shooter19681",1
"applesux",2
"drovera",2
"sean_ulama",1
"terror_monitor",27
"adnan04ar01",2
"danieleraineri",20
"wilayatninawa",20
"coalitionhaqq",2
"abu_naoufal",3
"shammlly12",5
"somaliyyah",10
"11_haqqprevails",6
"doammuslims",7
"hk2307",2
"hxhassan",14
"adjamessaoud",1
"theeconomist",5
"hadialabdallah",8
"oooharray",1
"journalist_omar",1
"tawheednetwrk",1
"ummumarah2",5
"abuhanzalah2",1
"khaled_siddique",1
"abdussamad_aif",4
"ukhty_08",3
"uanigeri",4
"ozwitness",1
"alekskhlebnikov",3
"carolinajose19",1
"ninjamelonn",1
"taylor_davis11",1
"rsyriancivilwar",1
"krrisstenx3",1
"wtfbrou",1
"katielobosco",1
"g_beeazy",1
"iucanalysts",1
"basmirnes",1
"jsiwat",7
"belalmd12",1
"reuters",31
"almuwahideen__",1
"desyracuse",13
"khalidi4sham_",1
"brotherjalaal",5
"malcolmite",32
"jazrawi_3uuud",1
"rashaelass",1
"wikileaks",3
"jazrawi_3ooud",1
"muhammad_andals",1
"thestudyofwar",8
"bajwa47online",20
"daudoo",20
"finriswolf",3
"defense_news",2
"dhul_kifl4017",1
"raqqa_sl",15
"israelhatzolah",12
"husnisalaaan",1
"eplc5",1
"lina24379244",1
"abuhaleema75",1
"iislamic03",1
"khadijaislam21",1
"ummamira19th",1
"ummfatima777",1
"casaouia",1
"skxx66x",1
"afp",43
"skx66x",2
"war__tracker",1
"jihad67a",2
"rt_america",2
"__oo1muslliimah",1
"naseemahmed50",8
"kushrenada_nl",1
"almuwmed",1
"dmis_1u",1
"pinoynewslive",1
"inqnational",1
"allananawal",1
"victorynewshd",11
"dawahakh2",1
"imarat_1",1
"speedy_villain",1
"shabirmaiwand",1
"al_fatih_18",2
"ib_ra18_fatih",1
"hifztipz",1
"the_muwahhid",12
"ilami_muhammed",1
"abuhajar1437",1
"hamza35209826",1
"umm_arbi",1
"dailysabah",8
"greekanalyst",2
"didyouknowvs",72
"abedalii",1
"gazasamah",1
"pashtunist",4
"zaouguichams",1
"nidalgazaui",339
"ibnamaan",1
"milatu_ibrahiim",1
"abu_tropical",1
"baqiya101",2
"__kebab_ayran__",4
"tracterrorism",25
"ismedia_3",1
"skxx82x",1
"ahmadalanssari4",1
"amirbakistani47",1
"musliimah_9_11_",1
"bringerpeace",3
"abujayyid1",2
"saeed_alhalabi7",4
"saqrqaa3d",1
"khalidi4sham3",2
"ibnqitalll",2
"child_lamb",20
"akhijibran",20
"dread_muslem",1
"arabthomness",29
"leithfadel",37
"f1ea1337",5
"syrkid",1
"abuchair1",1
"umar_khurasani",6
"sunrayeurope",1
"ans__ans",1
"nwrowser",1
"shabbirghewalla",1
"ramisafadi93",12
"maghrebimws",2
"marquardta",1
"altafhussain195",1
"ihatealsaud",1
"abu_ibrahim32",1
"absialbaghdadi",5
"c36__abh",1
"lion_faisal",15
"maghrebimwss",8
"aejkhalil",12
"mailonline",5
"nutsflipped_z_1",1
"avuxeni_",1
"j_top_shelf",1
"sputnikint",6
"mrsandman147",1
"bi_defense",1
"scottienhughes",1
"realdonaldtrump",7
"lanurse1",1
"stateofukraine",1
"julianroepcke",23
"lompemann",1
"thearabsource",21
"abduhark",28
"ajarabic",3
"alghadalarabi",1
"mediarootsnews",1
"sarbarzi",1
"dxk16",1
"putrisyarqy17",1
"aliramyz",3
"ebrahym2039",2
"eplc16",1
"ifayaz",3
"adhleem",1
"ishaaqnewton",3
"iyad_elbaghdadi",25
"ladonnarae53",9
"wayf44rer16",1
"majertenyyyi",1
"ishaaqnewtonÎ¾uganda",1
"imtiazislamkhan",4
"islamca8",1
"akata_politik",2
"freeoursisters1",14
"harunmaruf",3
"omarkhattabharu",1
"mahfujhindi",2
"victoryseries1",1
"ajenews",20
"andalusigranada",4
"revolutionsyria",30
"amaramarasingam",5
"crimesofus",2
"crimesofbrits",1
"maxboot",2
"sshx_m",1
"johndatripp3r",1
"iscomedygold",1
"_____caliph____",1
"laughwithmeh27",1
"warontherocks",1
"gerfingerpoken",1
"ibdinvestors",1
"ibrahimh_",1
"skx90x",1
"_ummsayfullah_",5
"grayfr0",1
"two_umm",3
"davidols",1
"learnsomethlng",2
"qashrinaazri",1
"ms_whitekitten_",2
"bintsannd",1
"j_eielamiya5",1
"reynaldo_vegas1",1
"muhammad1187",1
"bssjd1",1
"redbandanna11",1
"mujahid_deen6",1
"___khilafah___",1
"wilayatbarkah",1
"greatisnation97",1
"don85375",1
"bbcworld",5
"cyanidemadrid",2
"dkimball12",4
"darealsinbad",1
"hamzabosnawi",1
"muslimwitness4",1
"nextbee23",1
"ks40a45981",1
"free_media_hub",5
"khawarijcrucifi",2
"dyk_history",2
"atheistinformer",1
"abuayisha28",3
"nocommiesplease",1
"godlesshussar",1
"themightywu22",1
"alsaudthejews",2
"abu_yusef90",1
"akaomar157",1
"youtube",11
"elwalaawalbaraa",1
"mindv1sion",1
"sheikhquotes",1
"ac360",1
"timeworld",2
"m_seloom",5
"qassamimarwan",15
"zeropoint164",7
"skynews",4
"hanisalaad1",1
"abpnewstv",3
"ajenglish",13
"middleeasteye",44
"furcoisorin",1
"p_strickland_",1
"bbassem7",2
"moonnor27",15
"bintemergent",1
"islamicfreedom",3
"dmjolley",1
"brrreaking_news",1
"asgharbukhari",1
"arbaramzi18",1
"mustho",1
"nasheedhunter",3
"hearthasstereo",4
"thevictoryseri4",35
"faysalalsomali",1
"abdullahazam175",2
"majstar7",2
"ridvan_memishi",2
"eddie1971nyc",4
"cnni",2
"muslimah206",1
"saifak21",1
"abu__sayfillaah",1
"ahmed97shaheed",2
"newsweekeurope",2
"vali_nasr",2
"jobywarrick",1
"vicenews",16
"daily_express",1
"alternet",3
"abocomedy",1
"jewhaditm",1
"xnxmxjdnx",1
"abuhaleema156",1
"unfazedukht",1
"driftone0017",1
"richpie1804b",1
"eneyaxe",1
"hamosh84",1
"albequw",1
"salafiyyahldn",1
"9_11musliimah",1
"ajplus",2
"buzzfeednews",1
"towersight",1
"alex_de_m",2
"oirspox",4
"sparksofirhabi3",67
"juliaarciga",1
"shamireviver",1
"ummsalma38",1
"jamac78316414",1
"whoamidude",19
"slh_btr15",2
"sumal_30",1
"fatimatje_96",1
"p_vanostaeyen",24
"starsandstripes",1
"akaomar160",1
"jond_aqsa7",1
"lyobserver",3
"raqqa_sl1",5
"lightepisodesss",3
"khawrijwitness",1
"abuhaleema164",2
"huxxaeen",1
"reutersworld",17
"joinisnation101",1
"joinisnation102",1
"greatisnation00",1
"scotmikey1111",23
"northernstork",18
"mktala22",1
"shaykhgoogie",1
"ghazwatwitness",1
"rabiih",2
"interbrigades",4
"cnnpolitics",2
"vine",1
"abunaseeha_2",1
"iraqismcen",5
"k1nt_is",1
"vivarevolt",47
"deirezzor24",8
"talalalhaj",1
"reynaldovegas13",2
"abu_azzzam25",1
"palmyrapioneer",14
"fiseebilillah",3
"haqqk0100",3
"ivansidorenko1",5
"schoremis1",3
"aliraqiaangel",2
"fisebilillah9",1
"ayisha_bengali_",2
"tawheed4all",17
"tedcruz",1
"the_jihadi",4
"mustafaklash34",1
"muteasde",1
"minusbeer",2
"safety",23
"support",38
"maghrabiarabi",7
"zurilinetsky",1
"imamgoogle",3
"nikore_",2
"valeriodec",1
"aboud_s",1
"instantreporter",3
"amnesty",4
"fleefromdunya",1
"anadoluagency",4
"sayed_ridha",29
"danielwickham93",1
"antimajose",1
"haythamsayfadd1",2
"wayf44rer_",30
"maghrebiaz",1
"independent",9
"kamalkaroum",1
"un",3
"dreadmuslim_",1
"alhamdhulillaah",23
"mustafaklash37",1
"baselabuwarda",1
"dhivehistan",5
"mahatmadeen3237",2
"channel4news",2
"oryxspioenkop",18
"ctstudies",25
"smh",1
"fares14192315",2
"dailystarleb",8
"abunaseeha_02",2
"monty3444",1
"amitshah",1
"bjpgujarat",1
"hassanistiila",2
"sharethis",4
"khalidi_4_sham",23
"rburton",1
"snowden",4
"ummasma143",1
"mixedraceakh",1
"loveshaykhahmad",9
"amatu_rahmaan",1
"casaoum",1
"1dawlah_iii",9
"muhajirabuu",1
"shams_ifriqi",1
"barackobama",1
"twitter",33
"moataagency",1
"uwt_uk",1
"raheelk",1
"iluimu_is",1
"ahhijra",1
"salaam1022",1
"eth_io",1
"sunbrk",5
"bint_dutches2",1
"khattabhamza123",3
"marien__r",1
"xharraarbana",1
"birnfellowship",1
"middleeastmnt",3
"wilayatbarqah1",1
"jawad4291",1
"apb_is",20
"idrisssihamedi",2
"barakacity",1
"_ishfaqahmad",22
"driftone035",1
"bint_sand",1
"joyce_karam",13
"hkx07",9
"craigcons",1
"news_executive",18
"salig08",2
"sandukankanack",4
"ummubaydullah17",1
"abunaseeha_03",4
"sparksofirhabi4",27
"ittaqillahyaabd",1
"saflaher",1
"abotalut4",4
"abdulmatin_xiii",1
"lifeinsyria",9
"romaincaillet",23
"mediaomar_sy",1
"serdariqritiya",3
"akaomar163",2
"beatmetoallah",1
"windsofparadise",1
"ihgrewardsclub",1
"lukesmithnews",4
"tobias_ellwood",1
"mousaalomar",2
"truthhurtstough",1
"loveangel412",1
"shaykhahmadgems",6
"oliiiy",1
"kafhayaainshad_",1
"kamrsa1",2
"assetsourceapp",5
"ozwitness50",1
"alafreeqi",2
"barbecourte",4
"bintalenezi",1
"brunfree",25
"al_battar_engl",20
"arbrelotee_",4
"dtim21",1
"charliewinter",2
"slamiste68",1
"elizondogabriel",1
"sawabcenter",1
"hamidhadeed",5
"abdelbariatwan",2
"cairoreview",1
"nusantarwitness",36
"erozenn",2
"mundafen2",4
"wordsburning",2
"bosnianhistory",1
"mazenfreesyria",1
"alkaraki10",4
"kazabalanka2",1
"4bu3u5li3",1
"wilayah_tw",3
"pashabakri",3
"ummlina6",2
"27_7hbsh",2
"abu_laptop44",2
"larrykim",1
"muruthallah",1
"strangerbro2",1
"ajmalkwazir",1
"jaish_alnassr",1
"alhashimiya4",2
"striv3r_",8
"ibnhernan",2
"siteintelgroup",9
"scholarsofhaq75",3
"maghrebisp",1
"abuhurairah_39",8
"abu_youher",1
"haqq_witness",1
"mediapmoffice",3
"telesurenglish",1
"syriahr",3
"arab_parachute",4
"ibnks777",3
"the_global_kmr",4
"2ibn_nor2",1
"mazherarshad",1
"scent_of_musk",3
"meanfellow90",2
"randahabib",1
"burhan__shah01",4
"almunajjid_en",18
"assimalhakeem",4
"cricprof",1
"wwos9",1
"51allout",1
"noutankibaaz",26
"xxvvvxxxxxxxx",7
"michaelh992",19
"_davidthomson",17
"xhnews",1
"khilafarashida",3
"nour_samaha",1
"baqiya_familyq",3
"aleveryjunior",4
"carrollbogert",1
"angry_hassan",6
"fiefienix",13
"strawberriiiiiy",10
"nzayed07",1
"salafiri_com",2
"maghrebiqm",71
"syriandz",1
"badubaii",1
"turkishgoals",1
"nayes110",15
"muzahara2",2
"yvan256",2
"loveconcursall",3
"marwandz92",3
"paradoxy13",16
"sarahussein",1
"allahuakbar59",1
"o0_o3",5
"grosmaktou",1
"jazrawi_cuscous",4
"darthputinkgb",4
"zuhair47",1
"cadanganpc19",3
"trensabby",1
"israelbreaking",1
"khaledkhoja",1
"_ejmalrai",1
"uncle_samcoco",69
"2furatmedia",1
"tomthehack",1
"charles_lister",32
"mkmjnnj",14
"alwasatengnews",22
"biladfransa",15
"slemanitimes",1
"jaffarkbayl",3
"kesisygegum",9
"alwala_bara",1
"orientnewsen",5
"annabbii",23
"metesohtaoglu",10
"therealbtl",17
"taahir_khan",1
"deenahsn",1
"bfmtv",1
"crcmlibya",3
"ibrahiemawwad4",2
"kanyeouesh",1
"1amhighlander",1
"skillspaybills1",2
"hedj_vador",1
"lanadekroft",3
"katebt3000",1
"fredericjacobs",2
"mit_csail",1
"bygmillion",1
"cedricmas",5
"tom_antonov",1
"mediapart",4
"josephfcox",1
"ahmadmusajibril",7
"kenroth",4
"davidperrotin",1
"faizaz",1
"bint_gharib99",1
"desolder_pump",2
"libyaschannelen",2
"shamiwitness",1
"maryfitzger",3
"cfr_org",2
"amine69_",3
"karoot4",1
"itele",2
"223muslimah",1
"greatisnation05",1
"x123alpha",1
"bbc",1
"intlcrimcourt",1
"ummlina13",1
"bonniekipperman",3
"ous_qopar",1
"c_aravazener",1
"app33mu113",3
"qarass_news",13
"haaretzcom",4
"timesofisrael",1
"lies_breaker",2
"7_tahona",2
"floks_31",2
"ctrlsec",3
"el_e93",5
"mudar_zahran",1
"queenrania",1
"foxnews",2
"flashpointintel",1
"abuomar971",2
"saeed_alhalabi1",1
"n_54977621",1
"bosnianwitnes15",3
"russ_warrior",1
"skbskh",1
"madfac_rbg",1
"68tardpourtous",12
"milouse14",3
"akhistocrate",3
"mastakace",1
"abu_laptop47",6
"kashmiri6666",2
"labaykallahumma",1
"iraqsurveys",11
"ozwitness56",2
"electrospaces",1
"abu189haleema",1
"khaama",5
"ummting",1
"jamalmosman",1
"thostranger",3
"isisolizer",1
"timesofislambad",10
"osamahfakih",1
"shutguantanamo",1
"meiyinkun5",4
"reportinglibya",2
"mewr_",2
"invitetoislam",3
"ikhwansyriaen",1
"giphy",1
"nytimesworld",5
"sputnik_not",1
"raisinghopeaust",4
"ihwco",20
"dazeli_2",1
"laysalghareebm",3
"pachaconsumer",48
"abdughenisabit",11
"dailytimes_dt",2
"saidshouib",2
"hdner",3
"b1cep",2
"136bintroses",1
"dunyatravelle4",1
"dunyatraveller5",1
"shy_villain",5
"omaraliraqi166",1
"warreports",9
"qawafilshuhada4",1
"phillipsmyth",2
"petolucem",4
"blogsofwar",7
"yurybarmin",2
"nouraaljizawi",1
"fidaee_fulaani",31
"alexwardb",1
"berniesanders",2
"iraqimilksheikh",4
"clarissaward",1
"refugees",1
"naziaangel1993",3
"anounou72",1
"ab0mohammad",4
"salaktutariqi_",3
"emadhajjaj",1
"aswed_flags",10
"mterzi1980",2
"quukkeli",1
"augiedamous",5
"levantinegroup",1
"rasalghul321",3
"alkanz",2
"cartememoire8go",3
"nabilasimply",1
"biblio_phile__",3
"buzzriet",9
"muawiyahdk",6
"syriansrise_up",1
"janitorle",2
"artwendeley",7
"yemenpostnews",1
"maylismustafa",1
"oneradex",1
"24aleppo",13
"alialoraini",1
"malcolmitei",1
"naserelkhilafa",1
"aronlund",3
"shanshamsi",2
"mustafaklash46",18
"i1488508_1",1
"mykashmirmylife",1
"miruzair1",4
"hubal_imara",3
"cjtfoir",4
"m3t4_tr0n",18
"shafaatnabi",1
"drpartizan_",22
"abumuhammadkurd",1
"rebel_real",11
"jazrawi_bnjawad",2
"ibrahimabdk6_",3
"intlspectator",11
"erzuaytkhaloy",1
"reporter0a",1
"the_intercept",3
"lizsly",2
"faisalaljamayki",3
"oded121351",15
"ald_aba",3
"haralddoornbos",3
"bogorad_olga",3
"bm21_grad",7
"qatariabu",1
"billadearth2",1
"vsevolod_tk",5
"vpafernandez",2
"thomasjoscelyn",6
"mararevkin",1
"ajinlakurdistan",1
"eliothiggins",3
"aziz_sham2",2
"breakingnews",1
"mpoppel",1
"bnonews",2
"yousefnat",3
"weaboisneet",9
"ryanmofarrell",1
"le_consultant_",1
"dorarshami",3
"bmurr1001",1
"1oeufquiparle",16
"wheelertweets",3
"quietbint",1
"ansariyya",5
"ibneaadam_",10
"danjenaku",1
"is_khurasan8",1
"cadangan20pc",1
"sharia4k",3
"aa_arabic",1
"tonyduheaume",1
"almanya_fatimah",1
"20news24",6
"ihhen",1
"bedouin127",5
"wavveymo",2
"ewanismael",1
"mundafen3",2
"danduva1",2
"simnasr",26
"siham_ilhamo",1
"daviddubois33",1
"ye_wenjie",1
"maps_meast_sec",6
"2lejit2kwik",2
"undead_baan",1
"saharareporters",1
"hqnigerianarmy",1
"the_47th",7
"__aldente__",14
"lovelyflower212",9
"whoisrum",2
"abouhamaam",1
"imgur",1
"7layers_",116
"str4nger_5_5",3
"dunyahmusaafir",1
"menastream",6
"nextdoorarab",5
"sabiq_kdr",1
"urgentnews5",5
"tuuryare_africa",10
"channelislam",1
"azelin",2
"abulabbaas81",1
"jazrawi_aden",8
"safiyaalfaris",1
"snhr",1
"tweetsbyreefi",1
"scholarsofhaq7",2
"wellesbien",1
"libyasecmonitor",1
"jihadpod",1
"barakmendelsohn",1
"aawsat_eng",2
"barqah47",1
"ianbremmer",3
"alamet0",1
"qassami_marwan",10
"thefactsbook",1
"thedayct",1
"mironhch",1
"moscow_ghost",5
"ibkr_ti",1
"unhcr",1
"tunsi___marwan",1
"warfareww",7
"mhmtslmz",1
"msf",3
"alqatil24",1
"business",4
"kuffar_hunter",1
"barzansadiq",6
"washingtonpoint",1
"statedeptspox",4
"kasimf",4
"eire_qc",1
"nasereldawla",5
"mustafaklash45",5
"ragipsoylu",5
"mountzzz_noz22",1
"alqatil26",1
"sheikhkerry",3
"fullfilth",3
"monitorwar",2
"ibnayyub1_",4
"troyblayne",2
"snraja_",1
"thefunnyworid",1
"tr_foundation",1
"ibn_muhammed_",1
"dawlatemohamedi",2
"green_lemonnn",11
"qannas_",1
"mankhalfahum",15
"battar_english",18
"altarefe_en",6
"wayf44rer__",22
"_salmanhashimi",34
"abraxasspa",3
"petertatchell",1
"biancajagger",1
"purna_sen",1
"ishrglobal",1
"carolmalouf",5
"zaidbenjamin",12
"joshua_landis",2
"foreignpolicy",7
"9a9b3a710bfb47e",2
"saraassaf",1
"shashitharoor",1
"aadawii21",28
"akhi_wal_bara",1
"sommervillebbc",1
"mountzzz_llliio",1
"mod_russia",3
"battle_monitor",1
"joelwing2",3
"hudsonlandrock",1
"jerusalem_post",3
"khateebalumawi",11
"trefugees4",1
"war_tracker",5
"busharalsadass",1
"thenatlinterest",1
"abdusmujahid149",1
"ikhanasori",1
"lemondefr",2
"abubakrabdullah",1
"wattebre",2
"perrycammack",1
"k_jg1992",1
"medvedevrussiae",1
"war_suunka_xiro",1
"vvanwilgenburg",12
"abuanonymous",1
"thehill",1
"david_cooks_",4
"blackglass_18",1
"bomber___cat",4
"ikrambalekani7",1
"ahudhayfah",1
"92marwann",5
"ajaltamimi",9
"banatulummah",4
"levantinewd",17
"teammediawariq",1
"yonhapnews",1
"jazrawi_abyan",4
"infosensible57",4
"norreddine",1
"reportersyrien",9
"mppregent",4
"lightpenetrated",14
"ummimujahid1",1
"asimbajwaispr",1
"ajabreaking",2
"met_1s",1
"aranewsenglish",1
"ninitsiklauri",1
"guardian",2
"freeingsyria",1
"aqpk",3
"renepayotbelf",2
"dawlahklashin",2
"issabarbarossa",15
"mfa_russia",1
"borzou",2
"jack",1
"darren_dazmav",1
"libyaalhurratv",1
"batinfo147",15
"arabianofelix",1
"josephwall2",7
"bintsaaand",1
"1vedophan188",1
"quart_monde",10
"olivierguitta",10
"sharefsarmada",1
"lebienheureuxiv",4
"ahramonline",1
"rfi",2
"stickgetsitdone",2
"iwantdollars",9
"oumdujana",24
"ayah",1
"koonyyo",4
"bintlucy",2
"fehmialturki",4
"saladain74is",1
"new_narrative",2
"laviomk",1
"ihazcandy",1
"wail75o",1
"baqiyafamily_98",1
"peerzadashah",4
"crazypsyko",2
"queenofsheeba7",1
"lanaat_kuffar",1
"212lovelyflower",1
"dralnefisi",1
"akhoneteabagpls",7
"johnkerry",4
"abu_k_88",1
"rahmanmadi",1
"bint_dutches14",1
"lililllililli",3
"ccl3r",1
"xxvvvxxxxxxx",1
"theprofessor_96",1
"kuwaitikabsa",3
"dxcorcist",8
"watcherone",1
"samzmer",2
"archicivilians",5
"abdulkerimtok",1
"derinkuvvet",1
"1fingertawheed_",1
"hasan9ali",8
"harun_yahya",2
"thomaspierret",1
"victoryfront7",1
"dilansyria",2
"iraqisecurity",4
"warmonitor",17
"miirwais",3
"techchef_inc",2
"jalbequw",2
"eplc21",1
"janetborz",1
"thierryu",1
"pierrenkurikiye",1
"strugglinukht",1
"akel_saruman",4
"anouaralzarzisi",1
"dalatrm",3
"mario_greenly",1
"abyasun",1
"robotnickk",3
"nasefelkufr",1
"hasnabubakr2",3
"aeonmag",1
"malle111elf",16
"marwangassami",2
"jazrawi_ankara",2
"lostinspace_4",1
"snowy_black_",1
"studies_center",6
"jhfvdh105",5
"france24_en",1
"indiatoday",1
"jenanmoussa",6
"saj_pakpassion",5
"apollo_next",12
"adamhasakah69",1
"zwystone",2
"js8twitto23",3
"west_ypg",2
"pontifex",1
"middleeasteyefr",1
"onclezouhair",5
"frenchymusliim",1
"dfwallace622_6",1
"anissealmansour",2
"samahsoula",1
"intifada",1
"btelawy",5
"maveraunnehir29",1
"ayyubibnsky",1
"bi_polaiire",2
"maisondarqam",3
"cairo67unedited",4
"shamirebel",52
"jjjjj105dd",4
"kyleworton",5
"thedailybeast",6
"danielcollins85",1
"kreasechan",3
"mustaf_daw",1
"abujamajem",1
"tayyxb",1
"linaarabiil",1
"abu_itaqillah",1
"abumaryam_16",3
"muslimsoldier10",1
"dartanveerahmad",2
"vasquezmusic",3
"grayb88",1
"ibnelhijaz",9
"newzalrts",2
"khanasori147",11
"binamhdabdillah",2
"syriacivildef",3
"dailymail",1
"vjchats",1
"istemihankalay1",1
"nvqd6ycfucbaciq",1
"ahlu_ribaat",1
"war_hee_dheh",2
"almasyriqie",3
"ibnabdallah21",1
"lebaneastern",3
"jhjh105jh",1
"louiswitter",1
"milietweet",8
"thetweetingzed",1
"msaalimu",1
"yusuf_70312252",1
"cnnturk_eng",2
"m_mondass",1
"chief_marshallr",15
"milkipress",1
"north7878",1
"spiegelonline",1
"freddieoskar",1
"tawheed_netwrk",3
"anaalekhara",1
"the_newarab",4
"reefiwisdom",1
"incitefear",4
"bintks777",2
"chris1966",1
"syrianmilitary",1
"miladvisor",3
"antiisisnot",4
"ummzee_",3
"thisisgulsah",2
"ramadi2016",1
"hjrh_12_jhad",1
"slhbtr32",1
"trefugees5",2
"c_cl3r",2
"8alezallellah51",1
"royalwinj",3
"saudi_gazette",1
"hannesz1956",2
"tponl",2
"mikesaxtonw",1
"javed_kayani",1
"jazrawi_halab",2
"milksheikhbeiji",1
"sarahlee1429",5
"_muslimah_229",1
"_22_ucceloverde",1
"_lowkeyrt21",1
"ibnquds2323",1
"yawmal_dabiq",4
"warreporter1",256
"islamictongue",3
"kayadam15",3
"_lionessnas1ha",2
"_resilientukht",4
"scholarsofhaq10",4
"kayadma15",1
"shewolf_00",1
"230_muslimah_",1
"aishah_16__",1
"ninjaniqabix1",1
"abuaircraft111",1
"2bnalquds12",2
"mountainneeiiio",1
"amer_deghayes",1
"muklashink",2
"saqrqurays",1
"a5barsy1",1
"georgexxxx1",3
"markruffalo",2
"mohammedel76",1
"po_",1
"hearandobey_",1
"2fast2igor",7
"brwisamhaddad",3
"fidaeefulaani",14
"hajar_cantlie",2
"xissyi",1
"driftone071",1
"atruaz181",1
"_muslimah_007",1
"news_tracker_",1
"mustafaklash52",1
"naserelhaqq",2
"hayder_alkhoei",1
"statedept",3
"gassami_marwan",1
"eplc22",7
"jdk_sv1990",1
"nbcnews",2
"codeaud",3
"jazrawi_hama",1
"bbcurdu",1
"tauhidwalhadid",7
"sayedsalahuddin",1
"machinea_laver",5
"cyrilrtour",1
"melalger",1
"rudawenglish",6
"hjrah_jhad_13",4
"major_gains_kha",2
"savagenation",1
"btlupdt",1
"justice_kashur1",1
"wordpressdotcom",6
"minut_lover",1
"snuggledrip",1
"memrijttm",2
"dawltnamansoura",1
"1515ummah",2
"ibninnocence",1
"worldofsufis",1
"iffetrafeeq",1
"hamzayusuf",1
"dumuzi1969",3
"murshad007",5
"dr_shahid",2
"rraqqah",1
"mysteriousfact",1
"___buriry",2
"osilent4",2
"alperboler",1
"asfura_fijannah",1
"jamesdong78610",1
"thehourisnear4",10
"schumelli1",5
"ajpeoplepower",1
"nagiebk",1
"ennahartvfr",1
"enchuous",1
"combatchris1",13
"adamhasakah7",5
"haya_atassi",1
"arisroussinos",2
"namo_abdulla",1
"rudawkurdish",1
"bbcafrica",2
"thesyriapulse",1
"arabcenter_ar",2
"ninjawahrani",1
"abushiziy",1
"francetvinfo",1
"mikamiles94",3
"idealdesanta",6
"wydad91",1
"lmgaveriaux",3
"ummsaffiyya",2
"hugo_capelli",1
"ui9rr",2
"fiqhalwaqi",10
"ottomanakh",15
"trenchstrategy2",1
"sercndgn",1
"mawilner",1
"arturo_plv",1
"ashforsyria",9
"zerotolrns",1
"ayishabaloch",3
"zzahuwa",1
"hurairah_12",1
"alwaysmryam",2
"_attaubah3839",1
"ummlina38",1
"atruaz22",1
"abuanasheed",1
"anaksabil9",1
"baqiya120",2
"aisha2981",1
"iislamic69",1
"sdfh734",1
"itsmyownworld2",2
"pzf",3
"imkishorkp",2
"dahmanijamal282",1
"aopyihg45",1
"muslim3un",4
"q",1
"qitaaliisback",3
"qiy",1
"h",2
"1ikhl5",1
"presosmusulmane",3
"haqseaker",3
"hharlemhaleem",2
"sunny26055662",1
"almightyzuril",1
"golkane",5
"voanews",2
"salim_syr",1
"ansdawlaah",1
"aboanfal000",1
"truthhurts54322",2
"sofiane_mj84",1
"driftone0080",1
"saqrquraysh_",4
"criticalthreats",1
"todayszamancom",1
"str4nnger79",2
"abubakraliraqi_",2
"elturkiiy",1
"aboudjaffar",2
"caro9mar",1
"valkryv",3
"1515theory",2
"antishiasm",1
"reijiarisu4",1
"yaaahooo1984",1
"lnsldewar",16
"mustiklash",2
"max_fisher",1
"hamdodelic",2
"curdistani",2
"khanasury",2
"shaheed_yousha",1
"qassamimarwan__",1
"theiraqwitness",15
"abdul_hakym_",1
"abumuaz01",1
"samirwe6",1
"hasakahadam6",1
"_alasma_ulhusna",7
"protawheed__",1
"__faic0n__",3
"john_gayus",1
"merdsoppppp",1
"damiancruz_",2
"merdsoppuhhh",1
"133_yaq",2
"omeisy",1
"wwayf44rer",34
"imraansiddiqi",1
"syedaamershah",1
"putintintin1",6
"khalidgajanfar",1
"trendlng_news",14
"imtiyazazhar",9
"syriaceasefire",3
"dailymirror",1
"qashmier",4
"free_lance_jour",17
"worldconflictne",11
"longwarjournal",1
"billroggio",2
"weissenberg7",1
"donklericuzio",1
"izthewiz0",1
"stevedavis1924",2
"elpashtuncat",10
"henryswissinger",1
"danscavino",1
"nikkihaley",1
"leilashami",1
"awoklb",1
"thevoicekashmir",1
"aurasalix",1
"um_uras",1
"ansdaolaah",2
"kaswara07",5
"niwelt02",1
"turista_bintrav",4
"mustaklash60",17
"ilm_aml",1
"washingtonpost",4
"aahronheim",6
"fukuyamazigh",21
"telegraph",2
"iets451",1
"cloaked_one",1
"dublinokarra",4
"syria_protector",1
"thecjn",1
"middleeastinst",1
"unbabtouperdu",4
"alhayat_ksa",1
"daily_dispatch_",1
"fouadhallak89",1
"americanjewry",1
"greatpictureshd",1
"milksheikh2",32
"omashkavash16",8
"unitedfreak888",1
"amas_abu2",1
"real_kashmiri",2
"davy_jones___",1
"adamks_",8
"lemonde_afrique",1
"corinerouffi",1
"trendlng___news",2
"adelani0la",1
"mostiklash",3
"spacejihadi",4
"hamza2906014",1
"militaryfarm",3
"chcil_",4
"magorient",1
"veritas__media",13
"c36abh__",3
"michaeldweiss",6
"kenanrahmani",1
"cocoelmasri",1
"jazrawi_idlib",7
"lorientlejour",1
"p4hr",1
"deutschewelle",1
"chupachup8",1
"niggazstruggles",1
"maghrebirdc",11
"abou_zayn",2
"kingemirb",5
"ibnlive",1
"abooanonymous",4
"amalsaher",1
"aquila2407",3
"gaurangparikh22",5
"chandel70",10
"mhyaoui764",1
"scholarsofhaq14",1
"shlrlne",1
"_salsabeela",2
"mundafenn4",2
"tomjery46",5
"arflon128",1
"rahaafh",9
"thetimes",3
"118mostf",1
"dnanmhmd51_51",1
"bnt167roses",1
"b9_m16",1
"klasmust",15
"newyorker",2
"kaleemullahbaj1",1
"dannynis",1
"folomojo",1
"zzgab",2
"drerdogan_001",8
"khaledldn",1
"benad36",8
"thisdayinsyria",1
"doctoratlarge",1
"treatingfeud_",8
"sn2pr",2
"northentier",1
"hamas_mujahid_",12
"jzarif",2
"sealednectar_",1
"alsahrawiya",1
"du3aa_e",1
"russializer",1
"gmalik911",1
"youranidiotcnn",1
"stevoiraq",2
"yohjiarmstrong",1
"achristiemiller",1
"karachikhatmal",1
"foreignaffairs",1
"arabcenter_en",1
"app33mu113_",11
"businessinsider",2
"jazrawi_bngardn",2
"marwantunsi___",2
"hotncold110",5
"klaushimusta",1
"chathamhouse",1
"dromarashour",1
"aafiamovement",1
"ghostmanzzz",10
"keysofjannah",1
"pakcricketpk",2
"moonbeammelly",2
"yenisafaken",1
"centcom",1
"peymaneh123",1
"wail75p",14
"n0passaran",1
"dailynewsegypt",1
"frenchymusliiim",1
"kogaalbarq",7
"hesda0ne",1
"belkadette",6
"stavridisj",1
"abuhuthafa",6
"ak47witness",1
"linformatrice",1
"ilyas9510",1
"abdsayf971",3
"ggreenwald",2
"2222_dreamland",6
"umangben",1
"alyemeniah2",1
"cxafada5",1
"asebalraswenak",1
"_qariban",6
"omaar_nor",6
"nasirjamshed_",2
"sardesairajdeep",1
"hatuiore",3
"macqal_1",1
"johnsonsbot",9
"klashinki",11
"marwantunsi____",2
"amatullaah27",1
"jazrawi_sinai",7
"skydyb",1
"sakker__",8
"islamistheway14",5
"palmyrarev1",16
"abdullahmich83",1
"yaallah4giveme",1
"abo321asd",1
"terrorwatchg",3
"jeromebourbon",1
"baniummaya",2
"abushamala55",1
"_layaall",1
"alamrikiomar",13
"cjwerleman",1
"asapmafia_",3
"sabahjaan",10
"marwantunsi__",2
"beemanbee10",1
"jannahkeys",1
"wilayat_swahili",1
"ak47witness__",1
"pyjama45",6
"sean88masters",3
"alfarshadi",1
"4rj1n",1
"boerneaj",1
"kovandire",1
"ver_scholl_en",1
"cahitstorm",1
"al_7aleem",1
"trefugees7",2
"fnstudio",1
"subgraph",1
"qubesos",2
"cooldabiq3",7
"khasievsuleiman",1
"tails_live",4
"jazrawi_sham",6
"worldonalert",23
"silentsecretman",20
"savageak187",1
"islamonde_info",5
"libyaschannel",1
"abumuounir",2
"clarionproject",4
"mrsamwilkin",1
"_observer006",1
"hamza_alfro",1
"patriaomuerte__",1
"veilleurv",2
"webradius",1
"injustcef",1
"maghrebieng",19
"trending_wnews",5
"jazrawi_arish",4
"yallair7al",2
"botjohnsons",1
"nusayba4a",1
"dieinurage30_",2
"_blvrnasiha",10
"itsmenanice",2
"44ibn",2
"asaduddinowasi",1
"btrslh48",1
"driftone103",1
"atruaz38",1
"usood_ul_qitaal",1
"a7706244780a",1
"doodoo1924",1
"hanaashtar1",2
"huzfuz",1
"mona_dr23",1
"karameh_souriya",2
"hussainbukhaiti",1
"angelakorras",8
"center_studies",1
"8th_crusade",2
"hoh3r3",1
"marwan____tunsi",1
"surfwatchlabs",1
"islamicstrength",3
"cathynewman",1
"saveoursyria",1
"omaraliraqi114",1
"abuhuthafairaqi",2
"engineerkhabbab",3
"zzzzxx00",1
"12kl5kl5",1
"jazrawi_tadmur",1
"innobystander",1
"icc",1
"riyadhusaliheen",1
"fact",1
"thecricketcouch",1
"the_topspin",1
"michaelvaughan",1
"safridiofficial",1
"josephhdempsey",2
"optajim",1
"henrygayle",2
"seervibharath",3
"interpreter_mag",2
"ventilomorocco",3
"l0gg0l",4
"ak47witness____",1
"mustaklash66",1
"__metal_head___",1
"one_bad_cat1",1
"ibn_uthaymeen_",3
"anakaradan",1
"dzonline",1
"puredeen4",2
"a_mehdi_the",1
"ozwitness132",1
"dieinurage30_7",1
"snp999",2
"alfinlandi",2
"guidedsalafi",6
"erhabi37",2
"iaroslavnkr",2
"dwlatnamansora",1
"pschwartzstein",2
"anaksabil07",2
"i24news_fr",1
"bnt_mhz",5
"baqiyahansar",4
"dawlaislamiya65",1
"z_r_q_a_w_ya295",1
"xiaomiindia",1
"amazonindia",1
"aaai1959",1
"afarinmamosta",3
"qatilya_mujahid",2
"trendingwnews",2
"windofvictory",7
"guynamedsalmaan",1
"abuzubayrz",1
"xaviservitja",1
"klakishinki1",9
"dabiqsweetsman",1
"jazrawi_shadadi",3
"alsahrawiya4",1
"truthdig",1
"gabrielelmurz",1
"mnsrdwltn",1
"___tdp",1
"abou3abdillah59",5
"ozwitness133",2
"tac_ins",1
"abdusmujahid153",2
"kloup200",1
"aishaisis2isis",1
"back_to_62",1
"hafydaaldawla",2
"dieinurage308",4
"hassanator_",1
"ukhomeoffice",1
"tanveerbashir",1
"abuumartunisi2",1
"s_reader21",1
"432mryam",1
"btrslh49",2
"timesofindia",1
"anaksabil08",3
"ak47dawakafiri",1
"ummu_hurayrah__",1
"ibnjabal740",1
"m16_hamza",1
"amee45712241",1
"cadowgaga_garo",3
"denniscricket_",1
"thawrafikriya",1
"qonaqkend",7
"alphasaylici",1
"francetn",1
"urfe_jan",7
"limit_nishiyama",3
"alitaglubi",1
"e2slam",1
"talibitaali",1
"asimabumerjem",7
"musaibr63330110",5
"iislamic82",1
"alsalmaniahmad",1
"khanashfaq17",1
"abdad77",1
"studiescenter",6
"hjr_jhd_17",19
"mddmvdmm",9
"trendulkar",1
"moha_ddict",1
"mohanstatsman",1
"pavilionopinion",1
"rikgoverde",2
"yabiladi_maroc",2
"fafadelaforet",1
"zoumzoum_",1
"vankaas",1
"robdewijk",1
"scottmikey1111",13
"str4nnnger80",3
"principalegg",1
"jazrawi_jamal",5
"4peace_sham",2
"ayyash051",1
"eplc24",10
"staatsnieuws",1
"yasirqadhi",1
"syrmukhabarat",7
"marwan_tunsi___",1
"ajreid",1
"turhibuun",1
"princeoffreakz",18
"dhul_qarnayn1",5
"ggmm1g",5
"saml_isaac",1
"bassamjaara",2
"oritperlov",4
"abuizzadeen4",1
"is_ebooks_2016",1
"israrjooni",1
"nusaybasmile",3
"abdulmatin_xx7",1
"c0n0fj1had4",1
"pegelakeozark",3
"hijrahwitness",6
"abusiqr",1
"957lovelyflower",2
"pritt",1
"_ummwarrior105_",2
"jazrawi_biji",2
"erielledelzer",1
"hamza_zarqawi",2
"bretttorden",1
"audrey_som",1
"ap",7
"cnbci",1
"saqrqaa3d_",1
"newsstream_",1
"omarkhattabhar1",2
"clashinglion",2
"nbbrk",1
"khateebdimashqi",31
"akaworldwide",1
"ibn4nor6",1
"ibisib1",1
"aaschapiro",1
"airwars_",2
"colkesenm",1
"ajupfront",1
"mehdirhasan",1
"grtvnews",2
"shawjary900",8
"unknowneye7",2
"1ak187",1
"nasertamimi",6
"mycatsarecool__",1
"maghrebihd",35
"fbiwfo",1
"official_sea16",1
"dbervoet",1
"akhbar",2
"ayibeebee",2
"aabirusabeel_",2
"adam8525u",1
"ramiroo19",2
"abuizzadin",2
"ladh",1
"thefiamesofhaqq",5
"greatisnation08",1
"muhajirah_anbar",5
"jazrawi_brusels",1
"ummrebel",1
"inglesi",1
"hanifjwilliams",1
"muslim_tweeter",1
"medicaldaily",1
"aboyaqeen1231",1
"libya_fa",1
"caf_online_ar",1
"caf_online",1
"fifacom_ar",1
"hacs44",2
"errrhabi",1
"klakishink",1
"wwayyf44rer",19
"_darmouss",4
"abu14315",1
"whonix",1
"mickeyc",1
"steadygoing",1
"_newsstream_",8
"eyesonconflict",1
"site_cyber",2
"bintislamiya19",10
"hajar_cantlie01",2
"frankie13976396",2
"shanshijamal",3
"almuhajiroun2",1
"ghnimah2",9
"scholarsofhaq19",2
"freedom_speech2",27
"eastchristians",1
"8ballpool",1
"politblogme",1
"travisg14",1
"aatruaz42",2
"alw4s",1
"adamhasakah76",1
"abutariq036",1
"haqqvbaatil79",1
"abuayisha105",1
"_b1vrnas1ha_",8
"chinja_kafiir",2
"abuishaqal",2
"omarkhattabhar2",2
"g00_00_0al",1
"ibnkathiir01",3
"witness_muslim",5
"rana534",1
"backto66",3
"gogogogo5566771",1
"ibnaziz5",4
"kufr_bit_tagoot",2
"yasmineryan",1
"ibn_al_iraqi",3
"abukhattab1quds",5
"jeremyscahill",1
"schloren",1
"lemondelive",1
"generalfalluj35",3
"adamhasakah79",9
"jamalparast",2
"hafsalionne1",2
"7alaune",1
"rheeq_again1966",1
"syrianvictims",2
"speroni_f",1
"quickieleaks",1
"bbcnews",1
"afullaan34th",3
"dieinurage309",2
"jfxm",1
"eljarh",2
"ibnsalah",1
"a_ibn_mustafa",1
"lan_atharan",6
"kronykal",31
"freeoursisters3",13
"renanetjes",1
"bridgetmoreng",1
"ifriquiali",1
"time",1
"ibn_sayyid",18
"alhibbin",2
"abutariq037",2
"realharampolice",4
"jewtastic",1
"battosaikaito",2
"ggoutlek",2
"timourides",1
"sirop2franboise",3
"utunibsriqmltk2",1
"omerrehman",2
"outkufrlawz",5
"ambassadorpower",2
"iraqithakoo",2
"khaledbeydoun",1
"uk_cage",4
"pasha_al_iraqi",2
"killer_bandera",1
"albawabaeg",2
"ry159n",1
"mouradteyeb",1
"bd__news",3
"thawra_yemen",1
"ndtv",2
"fakheralayoubi",1
"i24news_en",1
"jjbourdin_rmc",1
"toophyk",1
"mr_ghostly",4
"ks56b23712",1
"dread_mozleum",1
"_qareeban",3
"abutariq038",6
"safeteay",2
"aishakhansa1",1
"baqiyah_khilafa",5
"hajar_cantlie02",4
"ozwitness143",1
"abdulmatin",1
"bartek_kuberski",1
"unesco",5
"anak_sabil10",5
"saad_abu_ziyad",3
"ummlina111",3
"abu26h7",3
"leparisien_77",1
"_jazmine_07_",1
"ademdabiq",1
"scholarsofhaq1m",2
"memrireports",1
"freeegyptpress",1
"turkish_defence",1
"wre8s6kbo9k",1
"remy8289",6
"jazrawi_joulan",22
"fasabrun_jameel",15
"jj_iij",1
"halabinasser1",6
"hooodmz2",4
"infos140",2
"metronews",1
"bm27_uragan",3
"militarytimes",3
"geomrjoe",1
"ararraraar231",3
"democracynow",1
"ummlina81",2
"screw_u_tweeta",10
"1957_tintin_",1
"waqarhu12280564",2
"ahmad_59892",2
"alvizier",2
"saksentrots",2
"gdvdr4er4",1
"abu268h",1
"bent_mhr",1
"pajara_31_verde",2
"tabugharsa",1
"ayla570",1
"nussaibah",1
"rita_katz",4
"benedictiotuco",1
"dieinyourrage03",5
"biladshammedia1",1
"jeje55556",1
"khilafahlover1",1
"twitterapi",1
"barzani_hn",1
"patrickosgood",2
"freedaraa11",3
"jimkim_wbg",1
"citeam_en",1
"prswitness",9
"iman84nl",1
"jrochedy",1
"palm",1
"irtizaimran",1
"olivernorthfnc",1
"ksteeff",1
"unkn0w1",1
"abouzayd0000009",1
"made0in0war",1
"blackglass_19",2
"salafievent",1
"nontypicalarab",1
"m7madsmiry",1
"malikabilarabi",1
"abumusafir33",8
"_faysal",1
"nadialarose007",3
"rashuje",2
"kaquarion",2
"thearzaankhan",1
"islamforever111",1
"proj_000",2
"i_magpie",1
"luqmanjaan12341",1
"klaus132",1
"divaknevil",1
"afghanrace",2
"brett_mcgurk",4
"xdimplez",2
"ektrit",3
"ilmseeker_",2
"bakrq",1
"usembassysyria",2
"tanveertwitt",1
"anas_1003",1
"terrorlogsinc",2
"sfrantzman",2
"liberalfish",1
"_jstmryam",4
"afran_kha",1
"kcudemal",1
"jasminechic1",1
"assakok",1
"jazrawi_sukhna",2
"cand_i1",5
"karel12343211",1
"generalfalluj40",2
"_inghimasi_",1
"alriadiati786",1
"saalihah61abu",1
"trenchstrategy5",1
"yy9jz9",1
"afriqbin",1
"bintpaladin",3
"abuhumayra5",2
"muftimenk",1
"afren_kha",5
"joinisnation110",2
"bintemuslimah98",1
"imrantawheed8",4
"_newsleak_",13
"scholarsofhaqm",1
"safaricomltd",1
"hamstero_el",1
"_sakkora_",1
"aasiyehandrabi",2
"classiatassi",3
"abublock",13
"cnnbrk",2
"abou_naba18",2
"derichaw",9
"yusuf90192469",9
"islam__noor24",1
"orientxxi",3
"janjansenbeast",4
"fsatruth",3
"badboyterrorist",2
"00rebel_umm",1
"alkuurdi",1
"sturluson__",6
"lostinspace_5",2
"thegrugq",1
"klakishinki2",3
"ummlina85",4
"ozwitness149",4
"rashidunwaleed",1
"pajara_verde32",1
"alamriki_omar",30
"servantjihadiii",1
"truthrev113",6
"chriprat",1
"quranic_inspire",1
"alamrikiya_001",13
"erhabii38",1
"haqq_sweet",4
"parvezicrimes",2
"loussa11ben",1
"le_parisien",1
"zarathoustra96",1
"striverer",5
"cucumbergarlic",1
"jacksanders1965",1
"f4sham",15
"sinaiviadamas",6
"novelacorta",3
"hadjsarrasins",6
"abukhaledsham",1
"imranibnfareed4",5
"stategeanalyst",1
"rtenfrancais",1
"abuisatweet10",1
"2r_0047s",1
"wail75q",9
"anaksabil79",3
"mosul_05",8
"hjr_jhd_19",1
"dawla278",2
"baaqiyah_news",2
"alhaqq_witness",2
"un_know_nn",2
"_inghimasi1",2
"rk_u2",1
"jazrawi_heit",8
"weljaton39103",1
"wdfx2eu",1
"us_navyseals",1
"tothextothey",1
"ibn_haneefah",5
"sangpemburu99",2
"maghrebiq",1
"ayy_salafi",1
"skynewsbreak",1
"sandkhilafah",4
"usatoday",1
"4u5hpuppy",1
"wilayatnajd",1
"abu277h",2
"ibnkashmir_",4
"eastafricanmade",1
"karmasupra16",1
"shorthadiths",11
"wbmonitor",1
"thompwalker",1
"sungmanitu58",4
"hopesarout",1
"algherib",1
"aboosalahudeen",1
"newsasitcomes",1
"rpg7sniper",3
"qatilyamujahid7",5
"alniinawaa2",2
"alacoming",3
"ss_htpk",1
"shaheen_kmr",1
"sweet_ilm",2
"_lonely_dessert",2
"sternschmerzen",1
"newsdigest2016",1
"bigbox_42",1
"elizrael",2
"benmoha58289495",1
"erhabi39",2
"baxtiyargoran",1
"nancyayoussef",1
"striv3rer",5
"boibraheem",1
"mohammadirashid",1
"umm__saeed25",1
"fiseebililah",1
"ozwitness153",1
"trenchstrategy6",1
"geonews_english",1
"defenseunits",2
"facebook",1
"fahrezabn",1
"jazrawi_saraqib",30
"reijiarisu5",1
"abumuhammad1437",2
"allahu_alam_",2
"darshnasoni",1
"lindseyhilsum",1
"asgacu",11
"adam_hasakah86",6
"islamis4all",2
"irqjmjmt",2
"tazimorocco",2
"morochuif",5
"annaabbi",2
"shishany7",1
"_abotourab",2
"jujl_gatame",2
"menaanalyst",1
"bosnjoboy",2
"zinvor",1
"colebunzel",3
"ismailmahsudd",2
"adegrandpre",1
"muradort",1
"muslimgirl",1
"joaska_",1
"astroehlein",1
"ayyat_s",1
"gissisim",2
"lcarvalhose",2
"newsrepublic",2
"isis_criminals",1
"cnnsport",1
"islamsupreme",2
"newslnfo",3
"hanbalimadhhab",1
"maghrebibpm",1
"opsec_it",3
"soonsoon589",4
"madaddawlah",2
"mkubwa_87",1
"reuterspictures",1
"ummlina88",1
"gobelet_jetable",7
"lotusbottom110",1
"omarkhattabhar7",1
"q_qkmn",6
"coalition",1
"anaksabil_07",5
"free_media_hub2",1
"al_maqalaat10",1
"motherdawlah",1
"gunslinger__g",5
"servantjihade21",3
"k_kid03",1
"hadithday",1
"maghrebiwm",12
"jooniisrar",10
"ninjatlemceniii",1
"_iraqwitness",1
"marwantunsi1",8
"san_ios",1
"amerdeghayes1",1
"nasertawheed04",1
"klekishi",3
"strangerthnredz",2
"khattab190",2
"abdullahazam231",3
"mamoru_hijikata",1
"bendoverfam",1
"koliadelesalle",2
"nhenin75",2
"dabiqsweets4_it",1
"famer_johnathan",1
"rozahparks",1
"lasnahuna",3
"1onetawheed",3
"vettedjihadi",4
"_ibnahmad",2
"wilayahnajd",2
"afpfr",1
"witnessgtnmass",2
"28abu2h",1
"nefro_sabratha",1
"souriax",1
"ferdddaws",1
"alainalou1",1
"france24",3
"islamic_front",1
"nastiachurkina",1
"dreadmozlum",18
"_motherofcats_",1
"abu01_yousha",2
"fkounion",1
"artrosinski",5
"issuing_charges",4
"abumohamed_01",6
"aynu_bil_ayn",4
"xnotanummyet",1
"janatulnaeem22",1
"055brigade",6
"celticmuslim",3
"middlepoltics",1
"bbcworldservice",1
"asadanbari6",10
"metammorph",12
"anaksabil_007",10
"dawlawitness11",2
"albelgikiya10",1
"selmanalkaisy",2
"mikaeel1braheem",1
"somalianewsroom",2
"ibtimesuk",2
"jazrawi_alrai",7
"maghrebiwt",20
"ms_rossa_1",1
"sam_samson20",2
"worldwarterror",2
"mriih_kun",1
"rss_40",1
"hamidmirgeo",1
"shaminews2016",3
"3diyah0000",1
"souria4syrians",2
"sijil_fire",1
"babaktaghvaee",3
"al_ishaq_",1
"iklekishi",2
"baqia_khilafah",1
"salim_abu_aicha",1
"xanasore",2
"adamha0",2
"reutersuk",1
"iajabnews",2
"tunsi_marwan__",2
"brandanrey",1
"inghimasiyin6",2
"bintshmumin1",1
"ramialloiah",1
"djamel_mazi",1
"mozlemgurl",28
"yunusghareeb",12
"staatsnieuwsii",1
"slum_1437",1
"55umm_c",1
"shereenaqazi",1
"ifalasteen",1
"chris1reuters",2
"gunslingerboy_",5
"manjanik_news",7
"abunighty4",1
"ummnusayba_04",1
"iac90",3
"dr_ulrichsen",1
"striv3rx",2
"newearthquake",1
"telegraphnews",1
"abc",1
"adamhasakah20",1
"thea",1
"shahzad40019853",1
"driftone0119",1
"mukhtaryare",1
"edizekinci",1
"bumimasa",1
"iskandrah",1
"imemcnews",1
"usme71",5
"abu_air_craft1",1
"bob_qa_turner",2
"khorasan15_01",3
"saqrquraysh11",2
"bi_contributors",2
"obada_amriki",4
"sultanbinbajad",5
"ikleikeshi",4
"bintblack",1
"bronson_10",2
"civilwarmap",1
"rikar_hussein",1
"jrossman12",6
"speakerryan",2
"drzuhdijasser",1
"mebriefing",1
"monaalami",1
"pzfahad",1
"samtamiz",4
"rosannamrtnz",5
"gkjoe",4
"_salnasihablvr_",2
"reynaldovege",1
"adamhasakah658",5
"anaksabil_",2
"qital_muhajir",1
"pemburumimpi_id",1
"fahrihamzah_eng",1
"deadmanmax",1
"baqiyahwitness",2
"faswaji",1
"lex65242605",1
"atjehcyber",1
"freelancefighte",2
"alkhalidi_sham",2
"rayan_muslim",1
"bafana3",4
"aid_britani",5
"jabdullah96",1
"umm_lina90",1
"2abu87h",2
"barbe_courte",1
"aa3aa1a2",2
"frdesouche",1
"dawlawitness1_",2
"shamibritaani",4
"sham",1
"shamibr",1
"adamhasakah123",3
"iqsunni",3
"sparksofirhabi5",46
"bintsaande",1
"almuwahideen",1
"inshof",6
"joinisnation111",1
"eplc27",1
"reglash",1
"tcambanis",1
"adamhasakah112",3
"a01_yousha",2
"abu_bengali",2
"toyota",1
"valentinbeaumon",1
"dailyreminders",1
"islamicpicquote",2
"vaguthuonline",1
"twdwln",27
"adamhasakah19",2
"spublish3r",1
"amalbrose",1
"nwarikoo",1
"jihadmalsabiq",2
"adamhasakah17",3
"balkannewsbeat",2
"alexand55218041",1
"companions01",1
"herrmuslim",1
"anti_druz",1
"abuhurricane",3
"nassim886065021",5
"uum_juwayriyah3",1
"tunsimarwan_vso",2
"marwantuns_i",2
"abhalmal_19",1
"nipponconnexion",1
"adamhasaka0",1
"ibn_demashq_",1
"bbcbreaking",1
"princess_sabira",1
"ecentauri",1
"mustiklashi",1
"islamictruths",3
"matthew_d_green",2
"vsoforever",1
"blackeisen",2
"thomas_caza",1
"luna_alabdalla",1
"generalfalluj41",1
"balkhi_a",3
"mayflow94912564",3
"llamameishmael",1
"whatsappmembers",1
"y13_v2",2
"kayadam19",1
"atzrf",1
"defence_blog",1
"anfkurdi",1
"astro_timpeake",1
"yusuf444333",1
"ayseaysedincer8",2
"cooldabiq5",3
"parlayanoguz",1
"saym3s",1
"retweetertweep",1
"stf_12h",1
"maestrouzy",6
"mmssnssj",1
"patmegahan",1
"daeshitweep",1
"therichhonky",1
"abdullahawez",1
"plustocks",1
"searcherv",2
"amichaistein1",3
"deen0verdunyaa",1
"mediaiou",3
"m9klakish",1
"ahmetbeyefendi",5
"remindersforall",1
"methekramerfan",4
"mystiq11",2
"adamqamish3",1
"kchoudhrey",1
"hrw",1
"rtlinfo",2
"el_maghrebi",3
"khalidi_sham",1
"saxhorse666",1
"arkonmert",1
"wszewko",1
"timosmanhaha",2
"jubasniper12",2
"ansari_captain",2
"nurofjannah",1
"1wgodd3h1lbtiz1",1
"zuzamikulova",1
"dkcagara",1
"mynameishimmu",1
"editionsplon",5
"mariamnearria",1
"ispionline",1
"abdallaha92",1
"unitekurdistan",2
"serif_imamagic0",1
"arbetarsolen",1
"mutludc",2
"asayishmedia",1
"azz10nee2",2
"infosfrancaises",1
"disaskdna1",1
"allahsfavours",1
"_the_wisdom_",1
"islamic_t4t",2
"abedadocrat",2
"maghrebiws1",10
"realhistorypk",1
"tweetsnature",1
"marwantun_si",3
"ct_analysis",2
"tmgneff",1
"martin_kramer",1
"korischake",1
"radiodabanga",2
"afaaaq20031",1
"0lnidl",2
"a1bint",1
"avashin",1
"unitewithisrael",1
"saladinisback1",12
"windofvictories",6
"hanbalisan",1
"beniummaya",1
"military_edge",1
"yusuf36612791",1
"alurdun_",2
"lelosx",1
"canaanitelord",1
"olivierrimmel",1
"pierrepuchot",1
"peigneacheveux",24
"sabranyanafsi",1
"hasan6ali",3
"sheikh_aj_quote",1
"srisri",1
"shkhrasheed",1
"mubasherlucman",1
"abumentos",1
"jettgoldsmith",1
"abou_naba_24",4
"alaanjaaalqital",1
"abdelovitch",1
"ozwitness174",1
"nikkijfox",1
"ummis_is",4
"zidan44564531",1
"africaacss",1
"abutoyota",5
"informedwitness",1
"mintpressnews",1
"turkiiii_____",1
"islamzebari",2
"masoud_barzani",1
"svobodaradio",1
"j0sephst4lin",1
"suspend_me_fags",4
"abu296h",2
"m10klashin",2
"anonish66",1
"ummlina96",1
"9996medina",1
"anaksabilanaks2",2
"htrddjt",5
"driftone127",1
"tati56555",5
"cdvdvgbjgzz",1
"vso_forever",1
"iomgbfvdvdcsc",3
"afriqqiya_252",5
"zarqawi_reqqa24",1
"czjihad",1
"durrishahwar233",1
"dhjxjdjsjshxhx",2
"bringbackvso",1
"danhrothschild",1
"ibarbecourte",1
"thehackersnews",1
"bild",1
"tweetsintheme",1
"war",1
"shami_view321",2
"khubakh",1
"shirazmaher",1
"proj000_",14
"dailycaller",1
"resolutesupport",2
"adamhasak48",10
"01sak_",9
"johnny_pineiro",1
"ionacraig",1
"frantownsend",2
"support_7220",3
"starwhite69",1
"trbrtc",2
"ambrablu",10
"abdulla52968821",1
"mini_abu",2
"eplc10",4
"mss_rossa1",1
"mf553klashi",1
"justasiave",1
"rameshfilms",1
"maghrebiws2",3
"yemen411",1
"syricide",2
"qalaatalmudiq",6
"mt156klashi",2
"keutelt",1
"wimluyckx",1
"arab_news",2
"b1ntrosee87",4
"nrkazakh",1
"salam_al_mosawy",2
"hamdihassan1",1
"b1nt88r0ses",3
"davidjo44018987",2
"luxfero_99",1
"hassanrouhani",1
"crypticlion1",3
"kakzk10ajk",1
"afpmexico",1
"support__7220",2
"omarbula",1
"obretix",1
"waze",1
"cleverbeth_",1
"malcom_x_x_10",1
"scpdhq",1
"truegreenbird2",1
"garethjordan",1
"glennkesslerwp",1
"khaledwardak",1
"5x5waqqas",1
"lesoir",1
"ibn_al__farooq",3
"warnews24_7",33
"petroleumecon",1
"lraqiai",2
"usmc",1
"deptofdefense",1
"davidbien3",1
"__yojimbo__",1
"streamleak",1
"gare",1
"iranianaffairs",1
"rtarabic",1
"izberbashmedia",1
"insensibles79",1
"infosig6",1
"maghrebiws4",2
"chevaliermahy",3
"strangerakhi",2
"plc25kl",2
"mralmubarak",1
"khadeega",1
"fulelo",1
"islamic_station",1
"jadbantha",3
"f24videos",1
"harar24editor",1
"strangerakh",3
"bezouhmalik",1
"aapatel947",1
"tbowmannpr",1
"serok_shix",2
"antimedia",1
"terrorismstudie",3
"cedikme",2
"wissem_nasraoui",1
"johnjestohutur",3
"aquila_fortis",1
"blackened22",1
"shamiconquest",2
"abusafiyyahmw",5
"fezzanlibyamg",1
"eustatios",1
"abuhhhh143",1
"banniere_noire",6
"abouandalouss",1
"health",1
"sinjar_khanasor",1
"bannierenoireen",5
"lummideast",1
"imranhosein",1
"lyer12tey",1
"ww3iskoming",2
"aylinakilic",1
"infinitdimensi1",2
"mirxank",3
"umm_of",5
"eu_interpol",1
"ford",1
"abuahmad__5",1
"thewilysage",2
"adamhasak43",12
"atajevwitness",2
"nussra_e",17
"groupanon",1
"nuhmark",1
"al_maqalaat11",1
"abrutoni",3
"gibraan8",1
"gfxgfxgfxgfx",1
"roridonaghy",1
"salman_alodah",1
"alex",1
"thelateempire",1
"newsweek",1
"safiyaimback1",1
"abumusab_110",18
"masrour_barzani",1
"indepen_patriot",1
"herepassingby",1
"johnbatt8",1
"ye_wenjie2",1
"trxknsi",3
"emrangetu3",1
"debest213",1
"freehoran74",1
"quintillion18",3
"cbswalsh",1
"urwatul_wuthqa",1
"ts_onliht132s",2
"50hafalihktalwd",1
"50",1
"akaomaralamriki",10
"islaamallday",1
"matthewfsmith",1
"nslwin",1
"abootaaloot",1
"waqqasumm",1
"iq_i92",3
"filipsweet",1
"samykamkar",1
"partyzantski",1
"ja4b_",2
"raed_alliby",2
"edele1900",1
"fandyjokolelur",1
"farahmaalimm",1
"sgreports",1
"unknowneye8",5
"pappii5",13
"mohamednasheed",2
"middleeastnewz",2
"aktaruls",2
"bqstu330",1
"cerkesmansur",1
"cbadbjjj",1
"adamhasak46",12
"maannewsagency",1
"shengalk",2
"truetorah",1
"klakishini4",1
"mountain_mak88",2
"wail75r",2
"nadiar_ly",1
"mschroeder77",1
"rien4djri",1
"hasan1li",3
"syrcoalition",1
"erhabii41",2
"zeddrebel",1
"ibn__al_farooq_",26
"ridvanmemishi3",2
"nightwalker_137",3
"live_uk_news",1
"kawlf",1
"washinstitute",1
"psmnewsmv",1
"rylay8",1
"keyzer_usual",2
"macqall",1
"libyen_insider",1
"eugeniebastie",1
"barbarastarrcnn",1
"usembbaghdad",1
"my_way_95",1
"yusuf222444",3
"strangerakh_",1
"vegetamoustache",1
"madani_sms",2
"kareem_ho",1
"prince_sam_11",1
"john_hussain1",1
"mmagreen",2
"juietalopez2",1
"kiakishini5",4
"domes_minarets",1
"abohafsakuwaiti",7
"23mariansamowol",2
"fardoush5",1
"ofpurereason",2
"eplc28",1
"_monochrome_01",1
"ninja9k",2
"frontlinepbs",1
"dabiqwarr",1
"jak_011",3
"nural__iman",2
"world_newstr",1
"khanasor_sinjar",2
"ukht_lina100",1
"__abudujanah",1
"sadiqkhan",3
"kirkukkirkukkir",1
"hussein_mujahi2",1
"theintercept",1
"alirizvi313",1
"alkurdi015",1
"thatcoffeetho",13
"jihadistjoe",1
"shakeel9042",1
"soran_hawrami",1
"klakishin6",1
"adxm82",4
"khilafahnews2",3
"alhaqqiqamedia",4
"khilafahnews3",1
"nightwalker_138",4
"a714149",7
"abhalmal_20",1
"odulimi",2
"taalibah2711",1
"noahshachtman",1
"glcarlstrom",1
"muktarbelmuktar",6
"assadistexposed",1
"yahoonews",1
"arnews1936",1
"abu_mohammed_x",2
"khn_95",1
"allahualam__",1
"meynoor_crown",4
"markurban01",1
"sam_samson51",1
"abcnewsmelb",1
"scottshanenyt",1
"itsweetsofdabiq",2
"zawjatuap",1
"waroflegends1",15
"7ulo2",1
"dowlty__isis",1
"jallaadism",3
"alamreeki12",1
"mountainzzzzzas",4
"epic320",3
"nayes102",2
"klakishini11",1
"goatdealer",1
"fsmzahit",3
"mty2061",1
"ioreiisiade",1
"wordsburning2",1
"riskstaff",1
"stranger__akh",4
"hjuagatuzalem",1
"idntylltbh",3
"navsteva",1
"yerba_mat",2
"abuhurairah9002",1
"mu_ha_mad",1
"bani_omaia",1
"rffynfxxebyh",1
"hjkdpod",12
"garybunt",1
"aqwxszec",1
"al_jazairy",1
"global_libz",1
"saiyansyrian",1
"observateurs",1
"wsj",1
"joo_gaza",1
"russianembassy",1
"torerhamming",1
"phmarliere",1
"mountainkkpouio",2
"alhabshi15",2
"brun",1
"nwrowserr",1
"deepsea28230571",2
"bdrhmnhrk",1
"ebu_nusra65",1
"rt_erdogan",1
"johkarakol",1
"conflictnews1",1
"baradaforsyria",1
"qaravazener",3
"leahmcelrath",1
"al_checheni",1
"shin_near",1
"yarotrof",1
"1_texanna",56
"scotsmaninfidel",79
"ele7vn",58
"spicylatte123",61
"sassysassyred",54
"q7_tc",1
"lewolfczu",3
"r_n_ga",1
"nbcnewyork",1
"kafirkaty",48
"jailamx",17
"piccolodaimaojr",2
"mark_infidel",2
"ruhaniqalb",1
"theislamapp",1
"ajundulla",1
"adlenmeddi",1
"amberinzaman",1
"kacsaaatoldu",1
"marcosjr_avila",1
"soda_chugger",1
"amnestyonline",1
"muslimfromchina",1
"_the_hikmah_",2
"jobahout",1
"jdanteff",2
"_phosphenia",2
"baqiafamily_299",2
"fr33_m9nd",1
"anti_shirkkkk",1
"mehdith2",1
