"","degree(ats.graph, v = V(ats.graph), mode = ""out"", loops = TRUE, normalized = FALSE)"
"GunsandCoffee70",49
"YazeedDhardaa25",76
"BaqiyaIs",22
"abubakerdimshqi",54
"WhiteCat_7",182
"warreporter2",190
"al_nusra",13
"abuhanzalah10",21
"Bajwa47online",60
"AsimAbuMerjem",282
"AbuLaythAlHindi",4
"abdlrhmn15",100
"MaghrabiArabi",444
"NaseemAhmed50",250
"CXaafada2",69
"maisaraghereeb",65
"Abu_Azzzam25",130
"darulhijrateyni",32
"BilalIbnRabah1",20
"JoinISNation102",23
"abuhumayra4",146
"fahadslay614",11
"ismailmahsud",87
"06230550_IS",43
"Alwala_bara",79
"bintraveller",2
"RamiAlLolah",385
"mobi_ayubi",1062
"QassamiMarwan",70
"Al_Battar_Engl",20
"Witness_alHaqq",97
"warrnews",618
"AbuNaseeha_03",81
"_IshfaqAhmad",425
"Uncle_SamCoco",1593
"MaghrebiQM",87
"ansarakhilafa",16
"Fidaee_Fulaani",189
"Battar_English",34
"AbdusMujahid149",10
"1515Ummah",65
"newerajihadi61",4
"mustaklash",4
"ManKhalfahum",4
"grezz10",45
"MhzBnt",38
"FidaeeFulaani",80
"WarReporter1",710
"ks48a174031",12
"mustafaklash56",11
"dieinurage29__7",12
"baaqiya_01",30
"lNSlDEWAR",73
"moustiklash",57
"MilkSheikh2",78
"klakishinki",29
"JohnsonsBot",14
"432Mryam",61
"c0n0fj1had4_",12
"DabiqsweetsMan",15
"Dieinurage308",12
"abuayisha102",6
"EPlC24",93
"Freedom_speech2",63
"thefIamesofhaqq",114
"IbnKashmir_",212
"Abu_Ibn_Taha",24
"Baqiyah_Khilafa",111
"MaghrebiHD",43
"alamreeki4",61
"Jazrawi_Joulan",18
"wayyf44rer",16
"abuayisha108",42
"squadsquaaaaad",89
"abutariq040",111
"MaghrebiQ",12
"sonofshishan",15
"safiyaimback",46
"wayf44rerr",204
"DawlaWitness11",57
"Jazrawi_Saraqib",64
"MaghrebiWM",71
"k_kid04",1
"abutariq041",40
"saifulakhir",15
"emran_getu",1
"war_analysis",115
"melvynlion",627
"Nidalgazaui",92
"al_zaishan10",3
"ro34th",201
"Suspend_Me_fags",35
"Afriqqiya_252",11
"murasil1",85
"btt_ar",13
"__alfresco__",210
"st3erer",74
"AbuMusab_110",65
"kIakishini5",7
"freelance_112",14
"nvor85j",5
"Mountainjjoool",42
"wayff44rer",5
"khalidmaghrebi",0
"seifulmaslul123",0
"cheerleadunited",0
"ibnnabih1",0
"muwmedia",0
"dawlat_islam7",0
"khalidmaghrebi_",0
"polder_mujahid",0
"abuw_ukasyah",0
"polder_mujaahid",0
"abuizzadeen2",0
"abdirahmanbash2",0
"ansardeenfront",0
"a8531",0
"emerat_aq_islam",0
"_khalidmaghrebi",0
"abuhamzaneh",0
"50w30",0
"jn_irhabiyya_97",0
"aba_m0hammed",0
"giimedia_ch004",0
"yazeeddhardaa25",0
"ibn_nuhas",0
"jazrawi_uod",0
"striv3ride",0
"afroqaqaisback",0
"baqiya58",0
"umulbanat1",0
"aljabarti22",0
"ummaysha20___",0
"abtigood",0
"asadalkanadi10",0
"bintrose33",0
"abuhaleema28",0
"skxxx50",0
"_muslimah1___",0
"jasonphedo",0
"aljabali23",0
"abdullahkayaniw",0
"checkcontentt",0
"skxx51",0
"striv3ric",0
"war_reports",0
"abuyaqub6",0
"alwalawalbara12",0
"cnn",0
"anti__terrorist",0
"followthehaqqq",0
"3diyah1000",0
"tawheed1_is",0
"ironmuhajir2",0
"jundhullah14",0
"jazrawi_missk",0
"pieternanninga",0
"uygaraktas",0
"muslimprisoners",0
"3bdulkaed6r",0
"syrializer",0
"ak47_pk",0
"spamci16",0
"flea1337",0
"1436rpg",0
"mustafaklashin7",0
"joinisnation78",0
"abubakrmuwahid",0
"jazrawi_ouud",0
"alarabiya_eng",0
"jtmharreh",0
"bintrosie34",0
"ramiallolah",0
"sakirkhader",0
"zaheralali00",0
"_mafalde_",0
"the_joker_dc",0
"anjemchoudary",0
"fujiomaiko",0
"isabatubaghdadi",0
"truthfulfamily2",0
"potus",0
"markito0171",0
"ejmalrai",0
"akhmad_john",0
"rahimred1",0
"islamiceyes",0
"aimanofarabia",0
"ayyx3",0
"_ummhussain",0
"iraqisuryani1",0
"w_jurjia",0
"pray4pal",0
"khadijavf",0
"joinisnation82",0
"princessbaqiya2",0
"jazrawi_3uud",0
"endoftimes411",0
"wakasfahad10",0
"lionerr20",0
"skjfgyi7r6",0
"w97788",0
"_croxetti_",0
"proj32",0
"wilayathalab",0
"abu_q_14",0
"abu_adamm",0
"netzpolitik",0
"amanlikeme",0
"eyeonmilitant",0
"jihadology_net",0
"skxx59",0
"ibnu_noran8",0
"etdz101010",0
"haditha21",0
"conflicts",0
"rt_com",0
"mrrman2",0
"shooter19681",0
"applesux",0
"drovera",0
"sean_ulama",0
"terror_monitor",0
"adnan04ar01",0
"danieleraineri",0
"wilayatninawa",0
"coalitionhaqq",0
"abu_naoufal",0
"shammlly12",0
"somaliyyah",0
"11_haqqprevails",0
"doammuslims",0
"hk2307",0
"hxhassan",0
"adjamessaoud",0
"theeconomist",0
"hadialabdallah",0
"oooharray",0
"journalist_omar",0
"tawheednetwrk",0
"ummumarah2",0
"abuhanzalah2",0
"khaled_siddique",0
"abdussamad_aif",0
"ukhty_08",0
"uanigeri",0
"ozwitness",0
"alekskhlebnikov",0
"carolinajose19",0
"ninjamelonn",0
"taylor_davis11",0
"rsyriancivilwar",0
"krrisstenx3",0
"wtfbrou",0
"katielobosco",0
"g_beeazy",0
"iucanalysts",0
"basmirnes",0
"jsiwat",0
"belalmd12",0
"reuters",0
"almuwahideen__",0
"desyracuse",0
"khalidi4sham_",0
"brotherjalaal",0
"malcolmite",0
"jazrawi_3uuud",0
"rashaelass",0
"wikileaks",0
"jazrawi_3ooud",0
"muhammad_andals",0
"thestudyofwar",0
"bajwa47online",0
"daudoo",0
"finriswolf",0
"defense_news",0
"dhul_kifl4017",0
"raqqa_sl",0
"israelhatzolah",0
"husnisalaaan",0
"eplc5",0
"lina24379244",0
"abuhaleema75",0
"iislamic03",0
"khadijaislam21",0
"ummamira19th",0
"ummfatima777",0
"casaouia",0
"skxx66x",0
"afp",0
"skx66x",0
"war__tracker",0
"jihad67a",0
"rt_america",0
"__oo1muslliimah",0
"naseemahmed50",0
"kushrenada_nl",0
"almuwmed",0
"dmis_1u",0
"pinoynewslive",0
"inqnational",0
"allananawal",0
"victorynewshd",0
"dawahakh2",0
"imarat_1",0
"speedy_villain",0
"shabirmaiwand",0
"al_fatih_18",0
"ib_ra18_fatih",0
"hifztipz",0
"the_muwahhid",0
"ilami_muhammed",0
"abuhajar1437",0
"hamza35209826",0
"umm_arbi",0
"dailysabah",0
"greekanalyst",0
"didyouknowvs",0
"abedalii",0
"gazasamah",0
"pashtunist",0
"zaouguichams",0
"nidalgazaui",0
"ibnamaan",0
"milatu_ibrahiim",0
"abu_tropical",0
"baqiya101",0
"__kebab_ayran__",0
"tracterrorism",0
"ismedia_3",0
"skxx82x",0
"ahmadalanssari4",0
"amirbakistani47",0
"musliimah_9_11_",0
"bringerpeace",0
"abujayyid1",0
"saeed_alhalabi7",0
"saqrqaa3d",0
"khalidi4sham3",0
"ibnqitalll",0
"child_lamb",0
"akhijibran",0
"dread_muslem",0
"arabthomness",0
"leithfadel",0
"f1ea1337",0
"syrkid",0
"abuchair1",0
"umar_khurasani",0
"sunrayeurope",0
"ans__ans",0
"nwrowser",0
"shabbirghewalla",0
"ramisafadi93",0
"maghrebimws",0
"marquardta",0
"altafhussain195",0
"ihatealsaud",0
"abu_ibrahim32",0
"absialbaghdadi",0
"c36__abh",0
"lion_faisal",0
"maghrebimwss",0
"aejkhalil",0
"mailonline",0
"nutsflipped_z_1",0
"avuxeni_",0
"j_top_shelf",0
"sputnikint",0
"mrsandman147",0
"bi_defense",0
"scottienhughes",0
"realdonaldtrump",0
"lanurse1",0
"stateofukraine",0
"julianroepcke",0
"lompemann",0
"thearabsource",0
"abduhark",0
"ajarabic",0
"alghadalarabi",0
"mediarootsnews",0
"sarbarzi",0
"dxk16",0
"putrisyarqy17",0
"aliramyz",0
"ebrahym2039",0
"eplc16",0
"ifayaz",0
"adhleem",0
"ishaaqnewton",0
"iyad_elbaghdadi",0
"ladonnarae53",0
"wayf44rer16",0
"majertenyyyi",0
"ishaaqnewtonÎ¾uganda",0
"imtiazislamkhan",0
"islamca8",0
"akata_politik",0
"freeoursisters1",0
"harunmaruf",0
"omarkhattabharu",0
"mahfujhindi",0
"victoryseries1",0
"ajenews",0
"andalusigranada",0
"revolutionsyria",0
"amaramarasingam",0
"crimesofus",0
"crimesofbrits",0
"maxboot",0
"sshx_m",0
"johndatripp3r",0
"iscomedygold",0
"_____caliph____",0
"laughwithmeh27",0
"warontherocks",0
"gerfingerpoken",0
"ibdinvestors",0
"ibrahimh_",0
"skx90x",0
"_ummsayfullah_",0
"grayfr0",0
"two_umm",0
"davidols",0
"learnsomethlng",0
"qashrinaazri",0
"ms_whitekitten_",0
"bintsannd",0
"j_eielamiya5",0
"reynaldo_vegas1",0
"muhammad1187",0
"bssjd1",0
"redbandanna11",0
"mujahid_deen6",0
"___khilafah___",0
"wilayatbarkah",0
"greatisnation97",0
"don85375",0
"bbcworld",0
"cyanidemadrid",0
"dkimball12",0
"darealsinbad",0
"hamzabosnawi",0
"muslimwitness4",0
"nextbee23",0
"ks40a45981",0
"free_media_hub",0
"khawarijcrucifi",0
"dyk_history",0
"atheistinformer",0
"abuayisha28",0
"nocommiesplease",0
"godlesshussar",0
"themightywu22",0
"alsaudthejews",0
"abu_yusef90",0
"akaomar157",0
"youtube",0
"elwalaawalbaraa",0
"mindv1sion",0
"sheikhquotes",0
"ac360",0
"timeworld",0
"m_seloom",0
"qassamimarwan",0
"zeropoint164",0
"skynews",0
"hanisalaad1",0
"abpnewstv",0
"ajenglish",0
"middleeasteye",0
"furcoisorin",0
"p_strickland_",0
"bbassem7",0
"moonnor27",0
"bintemergent",0
"islamicfreedom",0
"dmjolley",0
"brrreaking_news",0
"asgharbukhari",0
"arbaramzi18",0
"mustho",0
"nasheedhunter",0
"hearthasstereo",0
"thevictoryseri4",0
"faysalalsomali",0
"abdullahazam175",0
"majstar7",0
"ridvan_memishi",0
"eddie1971nyc",0
"cnni",0
"muslimah206",0
"saifak21",0
"abu__sayfillaah",0
"ahmed97shaheed",0
"newsweekeurope",0
"vali_nasr",0
"jobywarrick",0
"vicenews",0
"daily_express",0
"alternet",0
"abocomedy",0
"jewhaditm",0
"xnxmxjdnx",0
"abuhaleema156",0
"unfazedukht",0
"driftone0017",0
"richpie1804b",0
"eneyaxe",0
"hamosh84",0
"albequw",0
"salafiyyahldn",0
"9_11musliimah",0
"ajplus",0
"buzzfeednews",0
"towersight",0
"alex_de_m",0
"oirspox",0
"sparksofirhabi3",0
"juliaarciga",0
"shamireviver",0
"ummsalma38",0
"jamac78316414",0
"whoamidude",0
"slh_btr15",0
"sumal_30",0
"fatimatje_96",0
"p_vanostaeyen",0
"starsandstripes",0
"akaomar160",0
"jond_aqsa7",0
"lyobserver",0
"raqqa_sl1",0
"lightepisodesss",0
"khawrijwitness",0
"abuhaleema164",0
"huxxaeen",0
"reutersworld",0
"joinisnation101",0
"joinisnation102",0
"greatisnation00",0
"scotmikey1111",0
"northernstork",0
"mktala22",0
"shaykhgoogie",0
"ghazwatwitness",0
"rabiih",0
"interbrigades",0
"cnnpolitics",0
"vine",0
"abunaseeha_2",0
"iraqismcen",0
"k1nt_is",0
"vivarevolt",0
"deirezzor24",0
"talalalhaj",0
"reynaldovegas13",0
"abu_azzzam25",0
"palmyrapioneer",0
"fiseebilillah",0
"haqqk0100",0
"ivansidorenko1",0
"schoremis1",0
"aliraqiaangel",0
"fisebilillah9",0
"ayisha_bengali_",0
"tawheed4all",0
"tedcruz",0
"the_jihadi",0
"mustafaklash34",0
"muteasde",0
"minusbeer",0
"safety",0
"support",0
"maghrabiarabi",0
"zurilinetsky",0
"imamgoogle",0
"nikore_",0
"valeriodec",0
"aboud_s",0
"instantreporter",0
"amnesty",0
"fleefromdunya",0
"anadoluagency",0
"sayed_ridha",0
"danielwickham93",0
"antimajose",0
"haythamsayfadd1",0
"wayf44rer_",0
"maghrebiaz",0
"independent",0
"kamalkaroum",0
"un",0
"dreadmuslim_",0
"alhamdhulillaah",0
"mustafaklash37",0
"baselabuwarda",0
"dhivehistan",0
"mahatmadeen3237",0
"channel4news",0
"oryxspioenkop",0
"ctstudies",0
"smh",0
"fares14192315",0
"dailystarleb",0
"abunaseeha_02",0
"monty3444",0
"amitshah",0
"bjpgujarat",0
"hassanistiila",0
"sharethis",0
"khalidi_4_sham",0
"rburton",0
"snowden",0
"ummasma143",0
"mixedraceakh",0
"loveshaykhahmad",0
"amatu_rahmaan",0
"casaoum",0
"1dawlah_iii",0
"muhajirabuu",0
"shams_ifriqi",0
"barackobama",0
"twitter",0
"moataagency",0
"uwt_uk",0
"raheelk",0
"iluimu_is",0
"ahhijra",0
"salaam1022",0
"eth_io",0
"sunbrk",0
"bint_dutches2",0
"khattabhamza123",0
"marien__r",0
"xharraarbana",0
"birnfellowship",0
"middleeastmnt",0
"wilayatbarqah1",0
"jawad4291",0
"apb_is",0
"idrisssihamedi",0
"barakacity",0
"_ishfaqahmad",0
"driftone035",0
"bint_sand",0
"joyce_karam",0
"hkx07",0
"craigcons",0
"news_executive",0
"salig08",0
"sandukankanack",0
"ummubaydullah17",0
"abunaseeha_03",0
"sparksofirhabi4",0
"ittaqillahyaabd",0
"saflaher",0
"abotalut4",0
"abdulmatin_xiii",0
"lifeinsyria",0
"romaincaillet",0
"mediaomar_sy",0
"serdariqritiya",0
"akaomar163",0
"beatmetoallah",0
"windsofparadise",0
"ihgrewardsclub",0
"lukesmithnews",0
"tobias_ellwood",0
"mousaalomar",0
"truthhurtstough",0
"loveangel412",0
"shaykhahmadgems",0
"oliiiy",0
"kafhayaainshad_",0
"kamrsa1",0
"assetsourceapp",0
"ozwitness50",0
"alafreeqi",0
"barbecourte",0
"bintalenezi",0
"brunfree",0
"al_battar_engl",0
"arbrelotee_",0
"dtim21",0
"charliewinter",0
"slamiste68",0
"elizondogabriel",0
"sawabcenter",0
"hamidhadeed",0
"abdelbariatwan",0
"cairoreview",0
"nusantarwitness",0
"erozenn",0
"mundafen2",0
"wordsburning",0
"bosnianhistory",0
"mazenfreesyria",0
"alkaraki10",0
"kazabalanka2",0
"4bu3u5li3",0
"wilayah_tw",0
"pashabakri",0
"ummlina6",0
"27_7hbsh",0
"abu_laptop44",0
"larrykim",0
"muruthallah",0
"strangerbro2",0
"ajmalkwazir",0
"jaish_alnassr",0
"alhashimiya4",0
"striv3r_",0
"ibnhernan",0
"siteintelgroup",0
"scholarsofhaq75",0
"maghrebisp",0
"abuhurairah_39",0
"abu_youher",0
"haqq_witness",0
"mediapmoffice",0
"telesurenglish",0
"syriahr",0
"arab_parachute",0
"ibnks777",0
"the_global_kmr",0
"2ibn_nor2",0
"mazherarshad",0
"scent_of_musk",0
"meanfellow90",0
"randahabib",0
"burhan__shah01",0
"almunajjid_en",0
"assimalhakeem",0
"cricprof",0
"wwos9",0
"51allout",0
"noutankibaaz",0
"xxvvvxxxxxxxx",0
"michaelh992",0
"_davidthomson",0
"xhnews",0
"khilafarashida",0
"nour_samaha",0
"baqiya_familyq",0
"aleveryjunior",0
"carrollbogert",0
"angry_hassan",0
"fiefienix",0
"strawberriiiiiy",0
"nzayed07",0
"salafiri_com",0
"maghrebiqm",0
"syriandz",0
"badubaii",0
"turkishgoals",0
"nayes110",0
"muzahara2",0
"yvan256",0
"loveconcursall",0
"marwandz92",0
"paradoxy13",0
"sarahussein",0
"allahuakbar59",0
"o0_o3",0
"grosmaktou",0
"jazrawi_cuscous",0
"darthputinkgb",0
"zuhair47",0
"cadanganpc19",0
"trensabby",0
"israelbreaking",0
"khaledkhoja",0
"_ejmalrai",0
"uncle_samcoco",0
"2furatmedia",0
"tomthehack",0
"charles_lister",0
"mkmjnnj",0
"alwasatengnews",0
"biladfransa",0
"slemanitimes",0
"jaffarkbayl",0
"kesisygegum",0
"alwala_bara",0
"orientnewsen",0
"annabbii",0
"metesohtaoglu",0
"therealbtl",0
"taahir_khan",0
"deenahsn",0
"bfmtv",0
"crcmlibya",0
"ibrahiemawwad4",0
"kanyeouesh",0
"1amhighlander",0
"skillspaybills1",0
"hedj_vador",0
"lanadekroft",0
"katebt3000",0
"fredericjacobs",0
"mit_csail",0
"bygmillion",0
"cedricmas",0
"tom_antonov",0
"mediapart",0
"josephfcox",0
"ahmadmusajibril",0
"kenroth",0
"davidperrotin",0
"faizaz",0
"bint_gharib99",0
"desolder_pump",0
"libyaschannelen",0
"shamiwitness",0
"maryfitzger",0
"cfr_org",0
"amine69_",0
"karoot4",0
"itele",0
"223muslimah",0
"greatisnation05",0
"x123alpha",0
"bbc",0
"intlcrimcourt",0
"ummlina13",0
"bonniekipperman",0
"ous_qopar",0
"c_aravazener",0
"app33mu113",0
"qarass_news",0
"haaretzcom",0
"timesofisrael",0
"lies_breaker",0
"7_tahona",0
"floks_31",0
"ctrlsec",0
"el_e93",0
"mudar_zahran",0
"queenrania",0
"foxnews",0
"flashpointintel",0
"abuomar971",0
"saeed_alhalabi1",0
"n_54977621",0
"bosnianwitnes15",0
"russ_warrior",0
"skbskh",0
"madfac_rbg",0
"68tardpourtous",0
"milouse14",0
"akhistocrate",0
"mastakace",0
"abu_laptop47",0
"kashmiri6666",0
"labaykallahumma",0
"iraqsurveys",0
"ozwitness56",0
"electrospaces",0
"abu189haleema",0
"khaama",0
"ummting",0
"jamalmosman",0
"thostranger",0
"isisolizer",0
"timesofislambad",0
"osamahfakih",0
"shutguantanamo",0
"meiyinkun5",0
"reportinglibya",0
"mewr_",0
"invitetoislam",0
"ikhwansyriaen",0
"giphy",0
"nytimesworld",0
"sputnik_not",0
"raisinghopeaust",0
"ihwco",0
"dazeli_2",0
"laysalghareebm",0
"pachaconsumer",0
"abdughenisabit",0
"dailytimes_dt",0
"saidshouib",0
"hdner",0
"b1cep",0
"136bintroses",0
"dunyatravelle4",0
"dunyatraveller5",0
"shy_villain",0
"omaraliraqi166",0
"warreports",0
"qawafilshuhada4",0
"phillipsmyth",0
"petolucem",0
"blogsofwar",0
"yurybarmin",0
"nouraaljizawi",0
"fidaee_fulaani",0
"alexwardb",0
"berniesanders",0
"iraqimilksheikh",0
"clarissaward",0
"refugees",0
"naziaangel1993",0
"anounou72",0
"ab0mohammad",0
"salaktutariqi_",0
"emadhajjaj",0
"aswed_flags",0
"mterzi1980",0
"quukkeli",0
"augiedamous",0
"levantinegroup",0
"rasalghul321",0
"alkanz",0
"cartememoire8go",0
"nabilasimply",0
"biblio_phile__",0
"buzzriet",0
"muawiyahdk",0
"syriansrise_up",0
"janitorle",0
"artwendeley",0
"yemenpostnews",0
"maylismustafa",0
"oneradex",0
"24aleppo",0
"alialoraini",0
"malcolmitei",0
"naserelkhilafa",0
"aronlund",0
"shanshamsi",0
"mustafaklash46",0
"i1488508_1",0
"mykashmirmylife",0
"miruzair1",0
"hubal_imara",0
"cjtfoir",0
"m3t4_tr0n",0
"shafaatnabi",0
"drpartizan_",0
"abumuhammadkurd",0
"rebel_real",0
"jazrawi_bnjawad",0
"ibrahimabdk6_",0
"intlspectator",0
"erzuaytkhaloy",0
"reporter0a",0
"the_intercept",0
"lizsly",0
"faisalaljamayki",0
"oded121351",0
"ald_aba",0
"haralddoornbos",0
"bogorad_olga",0
"bm21_grad",0
"qatariabu",0
"billadearth2",0
"vsevolod_tk",0
"vpafernandez",0
"thomasjoscelyn",0
"mararevkin",0
"ajinlakurdistan",0
"eliothiggins",0
"aziz_sham2",0
"breakingnews",0
"mpoppel",0
"bnonews",0
"yousefnat",0
"weaboisneet",0
"ryanmofarrell",0
"le_consultant_",0
"dorarshami",0
"bmurr1001",0
"1oeufquiparle",0
"wheelertweets",0
"quietbint",0
"ansariyya",0
"ibneaadam_",0
"danjenaku",0
"is_khurasan8",0
"cadangan20pc",0
"sharia4k",0
"aa_arabic",0
"tonyduheaume",0
"almanya_fatimah",0
"20news24",0
"ihhen",0
"bedouin127",0
"wavveymo",0
"ewanismael",0
"mundafen3",0
"danduva1",0
"simnasr",0
"siham_ilhamo",0
"daviddubois33",0
"ye_wenjie",0
"maps_meast_sec",0
"2lejit2kwik",0
"undead_baan",0
"saharareporters",0
"hqnigerianarmy",0
"the_47th",0
"__aldente__",0
"lovelyflower212",0
"whoisrum",0
"abouhamaam",0
"imgur",0
"7layers_",0
"str4nger_5_5",0
"dunyahmusaafir",0
"menastream",0
"nextdoorarab",0
"sabiq_kdr",0
"urgentnews5",0
"tuuryare_africa",0
"channelislam",0
"azelin",0
"abulabbaas81",0
"jazrawi_aden",0
"safiyaalfaris",0
"snhr",0
"tweetsbyreefi",0
"scholarsofhaq7",0
"wellesbien",0
"libyasecmonitor",0
"jihadpod",0
"barakmendelsohn",0
"aawsat_eng",0
"barqah47",0
"ianbremmer",0
"alamet0",0
"qassami_marwan",0
"thefactsbook",0
"thedayct",0
"mironhch",0
"moscow_ghost",0
"ibkr_ti",0
"unhcr",0
"tunsi___marwan",0
"warfareww",0
"mhmtslmz",0
"msf",0
"alqatil24",0
"business",0
"kuffar_hunter",0
"barzansadiq",0
"washingtonpoint",0
"statedeptspox",0
"kasimf",0
"eire_qc",0
"nasereldawla",0
"mustafaklash45",0
"ragipsoylu",0
"mountzzz_noz22",0
"alqatil26",0
"sheikhkerry",0
"fullfilth",0
"monitorwar",0
"ibnayyub1_",0
"troyblayne",0
"snraja_",0
"thefunnyworid",0
"tr_foundation",0
"ibn_muhammed_",0
"dawlatemohamedi",0
"green_lemonnn",0
"qannas_",0
"mankhalfahum",0
"battar_english",0
"altarefe_en",0
"wayf44rer__",0
"_salmanhashimi",0
"abraxasspa",0
"petertatchell",0
"biancajagger",0
"purna_sen",0
"ishrglobal",0
"carolmalouf",0
"zaidbenjamin",0
"joshua_landis",0
"foreignpolicy",0
"9a9b3a710bfb47e",0
"saraassaf",0
"shashitharoor",0
"aadawii21",0
"akhi_wal_bara",0
"sommervillebbc",0
"mountzzz_llliio",0
"mod_russia",0
"battle_monitor",0
"joelwing2",0
"hudsonlandrock",0
"jerusalem_post",0
"khateebalumawi",0
"trefugees4",0
"war_tracker",0
"busharalsadass",0
"thenatlinterest",0
"abdusmujahid149",0
"ikhanasori",0
"lemondefr",0
"abubakrabdullah",0
"wattebre",0
"perrycammack",0
"k_jg1992",0
"medvedevrussiae",0
"war_suunka_xiro",0
"vvanwilgenburg",0
"abuanonymous",0
"thehill",0
"david_cooks_",0
"blackglass_18",0
"bomber___cat",0
"ikrambalekani7",0
"ahudhayfah",0
"92marwann",0
"ajaltamimi",0
"banatulummah",0
"levantinewd",0
"teammediawariq",0
"yonhapnews",0
"jazrawi_abyan",0
"infosensible57",0
"norreddine",0
"reportersyrien",0
"mppregent",0
"lightpenetrated",0
"ummimujahid1",0
"asimbajwaispr",0
"ajabreaking",0
"met_1s",0
"aranewsenglish",0
"ninitsiklauri",0
"guardian",0
"freeingsyria",0
"aqpk",0
"renepayotbelf",0
"dawlahklashin",0
"issabarbarossa",0
"mfa_russia",0
"borzou",0
"jack",0
"darren_dazmav",0
"libyaalhurratv",0
"batinfo147",0
"arabianofelix",0
"josephwall2",0
"bintsaaand",0
"1vedophan188",0
"quart_monde",0
"olivierguitta",0
"sharefsarmada",0
"lebienheureuxiv",0
"ahramonline",0
"rfi",0
"stickgetsitdone",0
"iwantdollars",0
"oumdujana",0
"ayah",0
"koonyyo",0
"bintlucy",0
"fehmialturki",0
"saladain74is",0
"new_narrative",0
"laviomk",0
"ihazcandy",0
"wail75o",0
"baqiyafamily_98",0
"peerzadashah",0
"crazypsyko",0
"queenofsheeba7",0
"lanaat_kuffar",0
"212lovelyflower",0
"dralnefisi",0
"akhoneteabagpls",0
"johnkerry",0
"abu_k_88",0
"rahmanmadi",0
"bint_dutches14",0
"lililllililli",0
"ccl3r",0
"xxvvvxxxxxxx",0
"theprofessor_96",0
"kuwaitikabsa",0
"dxcorcist",0
"watcherone",0
"samzmer",0
"archicivilians",0
"abdulkerimtok",0
"derinkuvvet",0
"1fingertawheed_",0
"hasan9ali",0
"harun_yahya",0
"thomaspierret",0
"victoryfront7",0
"dilansyria",0
"iraqisecurity",0
"warmonitor",0
"miirwais",0
"techchef_inc",0
"jalbequw",0
"eplc21",0
"janetborz",0
"thierryu",0
"pierrenkurikiye",0
"strugglinukht",0
"akel_saruman",0
"anouaralzarzisi",0
"dalatrm",0
"mario_greenly",0
"abyasun",0
"robotnickk",0
"nasefelkufr",0
"hasnabubakr2",0
"aeonmag",0
"malle111elf",0
"marwangassami",0
"jazrawi_ankara",0
"lostinspace_4",0
"snowy_black_",0
"studies_center",0
"jhfvdh105",0
"france24_en",0
"indiatoday",0
"jenanmoussa",0
"saj_pakpassion",0
"apollo_next",0
"adamhasakah69",0
"zwystone",0
"js8twitto23",0
"west_ypg",0
"pontifex",0
"middleeasteyefr",0
"onclezouhair",0
"frenchymusliim",0
"dfwallace622_6",0
"anissealmansour",0
"samahsoula",0
"intifada",0
"btelawy",0
"maveraunnehir29",0
"ayyubibnsky",0
"bi_polaiire",0
"maisondarqam",0
"cairo67unedited",0
"shamirebel",0
"jjjjj105dd",0
"kyleworton",0
"thedailybeast",0
"danielcollins85",0
"kreasechan",0
"mustaf_daw",0
"abujamajem",0
"tayyxb",0
"linaarabiil",0
"abu_itaqillah",0
"abumaryam_16",0
"muslimsoldier10",0
"dartanveerahmad",0
"vasquezmusic",0
"grayb88",0
"ibnelhijaz",0
"newzalrts",0
"khanasori147",0
"binamhdabdillah",0
"syriacivildef",0
"dailymail",0
"vjchats",0
"istemihankalay1",0
"nvqd6ycfucbaciq",0
"ahlu_ribaat",0
"war_hee_dheh",0
"almasyriqie",0
"ibnabdallah21",0
"lebaneastern",0
"jhjh105jh",0
"louiswitter",0
"milietweet",0
"thetweetingzed",0
"msaalimu",0
"yusuf_70312252",0
"cnnturk_eng",0
"m_mondass",0
"chief_marshallr",0
"milkipress",0
"north7878",0
"spiegelonline",0
"freddieoskar",0
"tawheed_netwrk",0
"anaalekhara",0
"the_newarab",0
"reefiwisdom",0
"incitefear",0
"bintks777",0
"chris1966",0
"syrianmilitary",0
"miladvisor",0
"antiisisnot",0
"ummzee_",0
"thisisgulsah",0
"ramadi2016",0
"hjrh_12_jhad",0
"slhbtr32",0
"trefugees5",0
"c_cl3r",0
"8alezallellah51",0
"royalwinj",0
"saudi_gazette",0
"hannesz1956",0
"tponl",0
"mikesaxtonw",0
"javed_kayani",0
"jazrawi_halab",0
"milksheikhbeiji",0
"sarahlee1429",0
"_muslimah_229",0
"_22_ucceloverde",0
"_lowkeyrt21",0
"ibnquds2323",0
"yawmal_dabiq",0
"warreporter1",0
"islamictongue",0
"kayadam15",0
"_lionessnas1ha",0
"_resilientukht",0
"scholarsofhaq10",0
"kayadma15",0
"shewolf_00",0
"230_muslimah_",0
"aishah_16__",0
"ninjaniqabix1",0
"abuaircraft111",0
"2bnalquds12",0
"mountainneeiiio",0
"amer_deghayes",0
"muklashink",0
"saqrqurays",0
"a5barsy1",0
"georgexxxx1",0
"markruffalo",0
"mohammedel76",0
"po_",0
"hearandobey_",0
"2fast2igor",0
"brwisamhaddad",0
"fidaeefulaani",0
"hajar_cantlie",0
"xissyi",0
"driftone071",0
"atruaz181",0
"_muslimah_007",0
"news_tracker_",0
"mustafaklash52",0
"naserelhaqq",0
"hayder_alkhoei",0
"statedept",0
"gassami_marwan",0
"eplc22",0
"jdk_sv1990",0
"nbcnews",0
"codeaud",0
"jazrawi_hama",0
"bbcurdu",0
"tauhidwalhadid",0
"sayedsalahuddin",0
"machinea_laver",0
"cyrilrtour",0
"melalger",0
"rudawenglish",0
"hjrah_jhad_13",0
"major_gains_kha",0
"savagenation",0
"btlupdt",0
"justice_kashur1",0
"wordpressdotcom",0
"minut_lover",0
"snuggledrip",0
"memrijttm",0
"dawltnamansoura",0
"1515ummah",0
"ibninnocence",0
"worldofsufis",0
"iffetrafeeq",0
"hamzayusuf",0
"dumuzi1969",0
"murshad007",0
"dr_shahid",0
"rraqqah",0
"mysteriousfact",0
"___buriry",0
"osilent4",0
"alperboler",0
"asfura_fijannah",0
"jamesdong78610",0
"thehourisnear4",0
"schumelli1",0
"ajpeoplepower",0
"nagiebk",0
"ennahartvfr",0
"enchuous",0
"combatchris1",0
"adamhasakah7",0
"haya_atassi",0
"arisroussinos",0
"namo_abdulla",0
"rudawkurdish",0
"bbcafrica",0
"thesyriapulse",0
"arabcenter_ar",0
"ninjawahrani",0
"abushiziy",0
"francetvinfo",0
"mikamiles94",0
"idealdesanta",0
"wydad91",0
"lmgaveriaux",0
"ummsaffiyya",0
"hugo_capelli",0
"ui9rr",0
"fiqhalwaqi",0
"ottomanakh",0
"trenchstrategy2",0
"sercndgn",0
"mawilner",0
"arturo_plv",0
"ashforsyria",0
"zerotolrns",0
"ayishabaloch",0
"zzahuwa",0
"hurairah_12",0
"alwaysmryam",0
"_attaubah3839",0
"ummlina38",0
"atruaz22",0
"abuanasheed",0
"anaksabil9",0
"baqiya120",0
"aisha2981",0
"iislamic69",0
"sdfh734",0
"itsmyownworld2",0
"pzf",0
"imkishorkp",0
"dahmanijamal282",0
"aopyihg45",0
"muslim3un",0
"q",0
"qitaaliisback",0
"qiy",0
"h",0
"1ikhl5",0
"presosmusulmane",0
"haqseaker",0
"hharlemhaleem",0
"sunny26055662",0
"almightyzuril",0
"golkane",0
"voanews",0
"salim_syr",0
"ansdawlaah",0
"aboanfal000",0
"truthhurts54322",0
"sofiane_mj84",0
"driftone0080",0
"saqrquraysh_",0
"criticalthreats",0
"todayszamancom",0
"str4nnger79",0
"abubakraliraqi_",0
"elturkiiy",0
"aboudjaffar",0
"caro9mar",0
"valkryv",0
"1515theory",0
"antishiasm",0
"reijiarisu4",0
"yaaahooo1984",0
"lnsldewar",0
"mustiklash",0
"max_fisher",0
"hamdodelic",0
"curdistani",0
"khanasury",0
"shaheed_yousha",0
"qassamimarwan__",0
"theiraqwitness",0
"abdul_hakym_",0
"abumuaz01",0
"samirwe6",0
"hasakahadam6",0
"_alasma_ulhusna",0
"protawheed__",0
"__faic0n__",0
"john_gayus",0
"merdsoppppp",0
"damiancruz_",0
"merdsoppuhhh",0
"133_yaq",0
"omeisy",0
"wwayf44rer",0
"imraansiddiqi",0
"syedaamershah",0
"putintintin1",0
"khalidgajanfar",0
"trendlng_news",0
"imtiyazazhar",0
"syriaceasefire",0
"dailymirror",0
"qashmier",0
"free_lance_jour",0
"worldconflictne",0
"longwarjournal",0
"billroggio",0
"weissenberg7",0
"donklericuzio",0
"izthewiz0",0
"stevedavis1924",0
"elpashtuncat",0
"henryswissinger",0
"danscavino",0
"nikkihaley",0
"leilashami",0
"awoklb",0
"thevoicekashmir",0
"aurasalix",0
"um_uras",0
"ansdaolaah",0
"kaswara07",0
"niwelt02",0
"turista_bintrav",0
"mustaklash60",0
"ilm_aml",0
"washingtonpost",0
"aahronheim",0
"fukuyamazigh",0
"telegraph",0
"iets451",0
"cloaked_one",0
"dublinokarra",0
"syria_protector",0
"thecjn",0
"middleeastinst",0
"unbabtouperdu",0
"alhayat_ksa",0
"daily_dispatch_",0
"fouadhallak89",0
"americanjewry",0
"greatpictureshd",0
"milksheikh2",0
"omashkavash16",0
"unitedfreak888",0
"amas_abu2",0
"real_kashmiri",0
"davy_jones___",0
"adamks_",0
"lemonde_afrique",0
"corinerouffi",0
"trendlng___news",0
"adelani0la",0
"mostiklash",0
"spacejihadi",0
"hamza2906014",0
"militaryfarm",0
"chcil_",0
"magorient",0
"veritas__media",0
"c36abh__",0
"michaeldweiss",0
"kenanrahmani",0
"cocoelmasri",0
"jazrawi_idlib",0
"lorientlejour",0
"p4hr",0
"deutschewelle",0
"chupachup8",0
"niggazstruggles",0
"maghrebirdc",0
"abou_zayn",0
"kingemirb",0
"ibnlive",0
"abooanonymous",0
"amalsaher",0
"aquila2407",0
"gaurangparikh22",0
"chandel70",0
"mhyaoui764",0
"scholarsofhaq14",0
"shlrlne",0
"_salsabeela",0
"mundafenn4",0
"tomjery46",0
"arflon128",0
"rahaafh",0
"thetimes",0
"118mostf",0
"dnanmhmd51_51",0
"bnt167roses",0
"b9_m16",0
"klasmust",0
"newyorker",0
"kaleemullahbaj1",0
"dannynis",0
"folomojo",0
"zzgab",0
"drerdogan_001",0
"khaledldn",0
"benad36",0
"thisdayinsyria",0
"doctoratlarge",0
"treatingfeud_",0
"sn2pr",0
"northentier",0
"hamas_mujahid_",0
"jzarif",0
"sealednectar_",0
"alsahrawiya",0
"du3aa_e",0
"russializer",0
"gmalik911",0
"youranidiotcnn",0
"stevoiraq",0
"yohjiarmstrong",0
"achristiemiller",0
"karachikhatmal",0
"foreignaffairs",0
"arabcenter_en",0
"app33mu113_",0
"businessinsider",0
"jazrawi_bngardn",0
"marwantunsi___",0
"hotncold110",0
"klaushimusta",0
"chathamhouse",0
"dromarashour",0
"aafiamovement",0
"ghostmanzzz",0
"keysofjannah",0
"pakcricketpk",0
"moonbeammelly",0
"yenisafaken",0
"centcom",0
"peymaneh123",0
"wail75p",0
"n0passaran",0
"dailynewsegypt",0
"frenchymusliiim",0
"kogaalbarq",0
"hesda0ne",0
"belkadette",0
"stavridisj",0
"abuhuthafa",0
"ak47witness",0
"linformatrice",0
"ilyas9510",0
"abdsayf971",0
"ggreenwald",0
"2222_dreamland",0
"umangben",0
"alyemeniah2",0
"cxafada5",0
"asebalraswenak",0
"_qariban",0
"omaar_nor",0
"nasirjamshed_",0
"sardesairajdeep",0
"hatuiore",0
"macqal_1",0
"johnsonsbot",0
"klashinki",0
"marwantunsi____",0
"amatullaah27",0
"jazrawi_sinai",0
"skydyb",0
"sakker__",0
"islamistheway14",0
"palmyrarev1",0
"abdullahmich83",0
"yaallah4giveme",0
"abo321asd",0
"terrorwatchg",0
"jeromebourbon",0
"baniummaya",0
"abushamala55",0
"_layaall",0
"alamrikiomar",0
"cjwerleman",0
"asapmafia_",0
"sabahjaan",0
"marwantunsi__",0
"beemanbee10",0
"jannahkeys",0
"wilayat_swahili",0
"ak47witness__",0
"pyjama45",0
"sean88masters",0
"alfarshadi",0
"4rj1n",0
"boerneaj",0
"kovandire",0
"ver_scholl_en",0
"cahitstorm",0
"al_7aleem",0
"trefugees7",0
"fnstudio",0
"subgraph",0
"qubesos",0
"cooldabiq3",0
"khasievsuleiman",0
"tails_live",0
"jazrawi_sham",0
"worldonalert",0
"silentsecretman",0
"savageak187",0
"islamonde_info",0
"libyaschannel",0
"abumuounir",0
"clarionproject",0
"mrsamwilkin",0
"_observer006",0
"hamza_alfro",0
"patriaomuerte__",0
"veilleurv",0
"webradius",0
"injustcef",0
"maghrebieng",0
"trending_wnews",0
"jazrawi_arish",0
"yallair7al",0
"botjohnsons",0
"nusayba4a",0
"dieinurage30_",0
"_blvrnasiha",0
"itsmenanice",0
"44ibn",0
"asaduddinowasi",0
"btrslh48",0
"driftone103",0
"atruaz38",0
"usood_ul_qitaal",0
"a7706244780a",0
"doodoo1924",0
"hanaashtar1",0
"huzfuz",0
"mona_dr23",0
"karameh_souriya",0
"hussainbukhaiti",0
"angelakorras",0
"center_studies",0
"8th_crusade",0
"hoh3r3",0
"marwan____tunsi",0
"surfwatchlabs",0
"islamicstrength",0
"cathynewman",0
"saveoursyria",0
"omaraliraqi114",0
"abuhuthafairaqi",0
"engineerkhabbab",0
"zzzzxx00",0
"12kl5kl5",0
"jazrawi_tadmur",0
"innobystander",0
"icc",0
"riyadhusaliheen",0
"fact",0
"thecricketcouch",0
"the_topspin",0
"michaelvaughan",0
"safridiofficial",0
"josephhdempsey",0
"optajim",0
"henrygayle",0
"seervibharath",0
"interpreter_mag",0
"ventilomorocco",0
"l0gg0l",0
"ak47witness____",0
"mustaklash66",0
"__metal_head___",0
"one_bad_cat1",0
"ibn_uthaymeen_",0
"anakaradan",0
"dzonline",0
"puredeen4",0
"a_mehdi_the",0
"ozwitness132",0
"dieinurage30_7",0
"snp999",0
"alfinlandi",0
"guidedsalafi",0
"erhabi37",0
"iaroslavnkr",0
"dwlatnamansora",0
"pschwartzstein",0
"anaksabil07",0
"i24news_fr",0
"bnt_mhz",0
"baqiyahansar",0
"dawlaislamiya65",0
"z_r_q_a_w_ya295",0
"xiaomiindia",0
"amazonindia",0
"aaai1959",0
"afarinmamosta",0
"qatilya_mujahid",0
"trendingwnews",0
"windofvictory",0
"guynamedsalmaan",0
"abuzubayrz",0
"xaviservitja",0
"klakishinki1",0
"dabiqsweetsman",0
"jazrawi_shadadi",0
"alsahrawiya4",0
"truthdig",0
"gabrielelmurz",0
"mnsrdwltn",0
"___tdp",0
"abou3abdillah59",0
"ozwitness133",0
"tac_ins",0
"abdusmujahid153",0
"kloup200",0
"aishaisis2isis",0
"back_to_62",0
"hafydaaldawla",0
"dieinurage308",0
"hassanator_",0
"ukhomeoffice",0
"tanveerbashir",0
"abuumartunisi2",0
"s_reader21",0
"432mryam",0
"btrslh49",0
"timesofindia",0
"anaksabil08",0
"ak47dawakafiri",0
"ummu_hurayrah__",0
"ibnjabal740",0
"m16_hamza",0
"amee45712241",0
"cadowgaga_garo",0
"denniscricket_",0
"thawrafikriya",0
"qonaqkend",0
"alphasaylici",0
"francetn",0
"urfe_jan",0
"limit_nishiyama",0
"alitaglubi",0
"e2slam",0
"talibitaali",0
"asimabumerjem",0
"musaibr63330110",0
"iislamic82",0
"alsalmaniahmad",0
"khanashfaq17",0
"abdad77",0
"studiescenter",0
"hjr_jhd_17",0
"mddmvdmm",0
"trendulkar",0
"moha_ddict",0
"mohanstatsman",0
"pavilionopinion",0
"rikgoverde",0
"yabiladi_maroc",0
"fafadelaforet",0
"zoumzoum_",0
"vankaas",0
"robdewijk",0
"scottmikey1111",0
"str4nnnger80",0
"principalegg",0
"jazrawi_jamal",0
"4peace_sham",0
"ayyash051",0
"eplc24",0
"staatsnieuws",0
"yasirqadhi",0
"syrmukhabarat",0
"marwan_tunsi___",0
"ajreid",0
"turhibuun",0
"princeoffreakz",0
"dhul_qarnayn1",0
"ggmm1g",0
"saml_isaac",0
"bassamjaara",0
"oritperlov",0
"abuizzadeen4",0
"is_ebooks_2016",0
"israrjooni",0
"nusaybasmile",0
"abdulmatin_xx7",0
"c0n0fj1had4",0
"pegelakeozark",0
"hijrahwitness",0
"abusiqr",0
"957lovelyflower",0
"pritt",0
"_ummwarrior105_",0
"jazrawi_biji",0
"erielledelzer",0
"hamza_zarqawi",0
"bretttorden",0
"audrey_som",0
"ap",0
"cnbci",0
"saqrqaa3d_",0
"newsstream_",0
"omarkhattabhar1",0
"clashinglion",0
"nbbrk",0
"khateebdimashqi",0
"akaworldwide",0
"ibn4nor6",0
"ibisib1",0
"aaschapiro",0
"airwars_",0
"colkesenm",0
"ajupfront",0
"mehdirhasan",0
"grtvnews",0
"shawjary900",0
"unknowneye7",0
"1ak187",0
"nasertamimi",0
"mycatsarecool__",0
"maghrebihd",0
"fbiwfo",0
"official_sea16",0
"dbervoet",0
"akhbar",0
"ayibeebee",0
"aabirusabeel_",0
"adam8525u",0
"ramiroo19",0
"abuizzadin",0
"ladh",0
"thefiamesofhaqq",0
"greatisnation08",0
"muhajirah_anbar",0
"jazrawi_brusels",0
"ummrebel",0
"inglesi",0
"hanifjwilliams",0
"muslim_tweeter",0
"medicaldaily",0
"aboyaqeen1231",0
"libya_fa",0
"caf_online_ar",0
"caf_online",0
"fifacom_ar",0
"hacs44",0
"errrhabi",0
"klakishink",0
"wwayyf44rer",0
"_darmouss",0
"abu14315",0
"whonix",0
"mickeyc",0
"steadygoing",0
"_newsstream_",0
"eyesonconflict",0
"site_cyber",0
"bintislamiya19",0
"hajar_cantlie01",0
"frankie13976396",0
"shanshijamal",0
"almuhajiroun2",0
"ghnimah2",0
"scholarsofhaq19",0
"freedom_speech2",0
"eastchristians",0
"8ballpool",0
"politblogme",0
"travisg14",0
"aatruaz42",0
"alw4s",0
"adamhasakah76",0
"abutariq036",0
"haqqvbaatil79",0
"abuayisha105",0
"_b1vrnas1ha_",0
"chinja_kafiir",0
"abuishaqal",0
"omarkhattabhar2",0
"g00_00_0al",0
"ibnkathiir01",0
"witness_muslim",0
"rana534",0
"backto66",0
"gogogogo5566771",0
"ibnaziz5",0
"kufr_bit_tagoot",0
"yasmineryan",0
"ibn_al_iraqi",0
"abukhattab1quds",0
"jeremyscahill",0
"schloren",0
"lemondelive",0
"generalfalluj35",0
"adamhasakah79",0
"jamalparast",0
"hafsalionne1",0
"7alaune",0
"rheeq_again1966",0
"syrianvictims",0
"speroni_f",0
"quickieleaks",0
"bbcnews",0
"afullaan34th",0
"dieinurage309",0
"jfxm",0
"eljarh",0
"ibnsalah",0
"a_ibn_mustafa",0
"lan_atharan",0
"kronykal",0
"freeoursisters3",0
"renanetjes",0
"bridgetmoreng",0
"ifriquiali",0
"time",0
"ibn_sayyid",0
"alhibbin",0
"abutariq037",0
"realharampolice",0
"jewtastic",0
"battosaikaito",0
"ggoutlek",0
"timourides",0
"sirop2franboise",0
"utunibsriqmltk2",0
"omerrehman",0
"outkufrlawz",0
"ambassadorpower",0
"iraqithakoo",0
"khaledbeydoun",0
"uk_cage",0
"pasha_al_iraqi",0
"killer_bandera",0
"albawabaeg",0
"ry159n",0
"mouradteyeb",0
"bd__news",0
"thawra_yemen",0
"ndtv",0
"fakheralayoubi",0
"i24news_en",0
"jjbourdin_rmc",0
"toophyk",0
"mr_ghostly",0
"ks56b23712",0
"dread_mozleum",0
"_qareeban",0
"abutariq038",0
"safeteay",0
"aishakhansa1",0
"baqiyah_khilafa",0
"hajar_cantlie02",0
"ozwitness143",0
"abdulmatin",0
"bartek_kuberski",0
"unesco",0
"anak_sabil10",0
"saad_abu_ziyad",0
"ummlina111",0
"abu26h7",0
"leparisien_77",0
"_jazmine_07_",0
"ademdabiq",0
"scholarsofhaq1m",0
"memrireports",0
"freeegyptpress",0
"turkish_defence",0
"wre8s6kbo9k",0
"remy8289",0
"jazrawi_joulan",0
"fasabrun_jameel",0
"jj_iij",0
"halabinasser1",0
"hooodmz2",0
"infos140",0
"metronews",0
"bm27_uragan",0
"militarytimes",0
"geomrjoe",0
"ararraraar231",0
"democracynow",0
"ummlina81",0
"screw_u_tweeta",0
"1957_tintin_",0
"waqarhu12280564",0
"ahmad_59892",0
"alvizier",0
"saksentrots",0
"gdvdr4er4",0
"abu268h",0
"bent_mhr",0
"pajara_31_verde",0
"tabugharsa",0
"ayla570",0
"nussaibah",0
"rita_katz",0
"benedictiotuco",0
"dieinyourrage03",0
"biladshammedia1",0
"jeje55556",0
"khilafahlover1",0
"twitterapi",0
"barzani_hn",0
"patrickosgood",0
"freedaraa11",0
"jimkim_wbg",0
"citeam_en",0
"prswitness",0
"iman84nl",0
"jrochedy",0
"palm",0
"irtizaimran",0
"olivernorthfnc",0
"ksteeff",0
"unkn0w1",0
"abouzayd0000009",0
"made0in0war",0
"blackglass_19",0
"salafievent",0
"nontypicalarab",0
"m7madsmiry",0
"malikabilarabi",0
"abumusafir33",0
"_faysal",0
"nadialarose007",0
"rashuje",0
"kaquarion",0
"thearzaankhan",0
"islamforever111",0
"proj_000",0
"i_magpie",0
"luqmanjaan12341",0
"klaus132",0
"divaknevil",0
"afghanrace",0
"brett_mcgurk",0
"xdimplez",0
"ektrit",0
"ilmseeker_",0
"bakrq",0
"usembassysyria",0
"tanveertwitt",0
"anas_1003",0
"terrorlogsinc",0
"sfrantzman",0
"liberalfish",0
"_jstmryam",0
"afran_kha",0
"kcudemal",0
"jasminechic1",0
"assakok",0
"jazrawi_sukhna",0
"cand_i1",0
"karel12343211",0
"generalfalluj40",0
"_inghimasi_",0
"alriadiati786",0
"saalihah61abu",0
"trenchstrategy5",0
"yy9jz9",0
"afriqbin",0
"bintpaladin",0
"abuhumayra5",0
"muftimenk",0
"afren_kha",0
"joinisnation110",0
"bintemuslimah98",0
"imrantawheed8",0
"_newsleak_",0
"scholarsofhaqm",0
"safaricomltd",0
"hamstero_el",0
"_sakkora_",0
"aasiyehandrabi",0
"classiatassi",0
"abublock",0
"cnnbrk",0
"abou_naba18",0
"derichaw",0
"yusuf90192469",0
"islam__noor24",0
"orientxxi",0
"janjansenbeast",0
"fsatruth",0
"badboyterrorist",0
"00rebel_umm",0
"alkuurdi",0
"sturluson__",0
"lostinspace_5",0
"thegrugq",0
"klakishinki2",0
"ummlina85",0
"ozwitness149",0
"rashidunwaleed",0
"pajara_verde32",0
"alamriki_omar",0
"servantjihadiii",0
"truthrev113",0
"chriprat",0
"quranic_inspire",0
"alamrikiya_001",0
"erhabii38",0
"haqq_sweet",0
"parvezicrimes",0
"loussa11ben",0
"le_parisien",0
"zarathoustra96",0
"striverer",0
"cucumbergarlic",0
"jacksanders1965",0
"f4sham",0
"sinaiviadamas",0
"novelacorta",0
"hadjsarrasins",0
"abukhaledsham",0
"imranibnfareed4",0
"stategeanalyst",0
"rtenfrancais",0
"abuisatweet10",0
"2r_0047s",0
"wail75q",0
"anaksabil79",0
"mosul_05",0
"hjr_jhd_19",0
"dawla278",0
"baaqiyah_news",0
"alhaqq_witness",0
"un_know_nn",0
"_inghimasi1",0
"rk_u2",0
"jazrawi_heit",0
"weljaton39103",0
"wdfx2eu",0
"us_navyseals",0
"tothextothey",0
"ibn_haneefah",0
"sangpemburu99",0
"maghrebiq",0
"ayy_salafi",0
"skynewsbreak",0
"sandkhilafah",0
"usatoday",0
"4u5hpuppy",0
"wilayatnajd",0
"abu277h",0
"ibnkashmir_",0
"eastafricanmade",0
"karmasupra16",0
"shorthadiths",0
"wbmonitor",0
"thompwalker",0
"sungmanitu58",0
"hopesarout",0
"algherib",0
"aboosalahudeen",0
"newsasitcomes",0
"rpg7sniper",0
"qatilyamujahid7",0
"alniinawaa2",0
"alacoming",0
"ss_htpk",0
"shaheen_kmr",0
"sweet_ilm",0
"_lonely_dessert",0
"sternschmerzen",0
"newsdigest2016",0
"bigbox_42",0
"elizrael",0
"benmoha58289495",0
"erhabi39",0
"baxtiyargoran",0
"nancyayoussef",0
"striv3rer",0
"boibraheem",0
"mohammadirashid",0
"umm__saeed25",0
"fiseebililah",0
"ozwitness153",0
"trenchstrategy6",0
"geonews_english",0
"defenseunits",0
"facebook",0
"fahrezabn",0
"jazrawi_saraqib",0
"reijiarisu5",0
"abumuhammad1437",0
"allahu_alam_",0
"darshnasoni",0
"lindseyhilsum",0
"asgacu",0
"adam_hasakah86",0
"islamis4all",0
"irqjmjmt",0
"tazimorocco",0
"morochuif",0
"annaabbi",0
"shishany7",0
"_abotourab",0
"jujl_gatame",0
"menaanalyst",0
"bosnjoboy",0
"zinvor",0
"colebunzel",0
"ismailmahsudd",0
"adegrandpre",0
"muradort",0
"muslimgirl",0
"joaska_",0
"astroehlein",0
"ayyat_s",0
"gissisim",0
"lcarvalhose",0
"newsrepublic",0
"isis_criminals",0
"cnnsport",0
"islamsupreme",0
"newslnfo",0
"hanbalimadhhab",0
"maghrebibpm",0
"opsec_it",0
"soonsoon589",0
"madaddawlah",0
"mkubwa_87",0
"reuterspictures",0
"ummlina88",0
"gobelet_jetable",0
"lotusbottom110",0
"omarkhattabhar7",0
"q_qkmn",0
"coalition",0
"anaksabil_07",0
"free_media_hub2",0
"al_maqalaat10",0
"motherdawlah",0
"gunslinger__g",0
"servantjihade21",0
"k_kid03",0
"hadithday",0
"maghrebiwm",0
"jooniisrar",0
"ninjatlemceniii",0
"_iraqwitness",0
"marwantunsi1",0
"san_ios",0
"amerdeghayes1",0
"nasertawheed04",0
"klekishi",0
"strangerthnredz",0
"khattab190",0
"abdullahazam231",0
"mamoru_hijikata",0
"bendoverfam",0
"koliadelesalle",0
"nhenin75",0
"dabiqsweets4_it",0
"famer_johnathan",0
"rozahparks",0
"lasnahuna",0
"1onetawheed",0
"vettedjihadi",0
"_ibnahmad",0
"wilayahnajd",0
"afpfr",0
"witnessgtnmass",0
"28abu2h",0
"nefro_sabratha",0
"souriax",0
"ferdddaws",0
"alainalou1",0
"france24",0
"islamic_front",0
"nastiachurkina",0
"dreadmozlum",0
"_motherofcats_",0
"abu01_yousha",0
"fkounion",0
"artrosinski",0
"issuing_charges",0
"abumohamed_01",0
"aynu_bil_ayn",0
"xnotanummyet",0
"janatulnaeem22",0
"055brigade",0
"celticmuslim",0
"middlepoltics",0
"bbcworldservice",0
"asadanbari6",0
"metammorph",0
"anaksabil_007",0
"dawlawitness11",0
"albelgikiya10",0
"selmanalkaisy",0
"mikaeel1braheem",0
"somalianewsroom",0
"ibtimesuk",0
"jazrawi_alrai",0
"maghrebiwt",0
"ms_rossa_1",0
"sam_samson20",0
"worldwarterror",0
"mriih_kun",0
"rss_40",0
"hamidmirgeo",0
"shaminews2016",0
"3diyah0000",0
"souria4syrians",0
"sijil_fire",0
"babaktaghvaee",0
"al_ishaq_",0
"iklekishi",0
"baqia_khilafah",0
"salim_abu_aicha",0
"xanasore",0
"adamha0",0
"reutersuk",0
"iajabnews",0
"tunsi_marwan__",0
"brandanrey",0
"inghimasiyin6",0
"bintshmumin1",0
"ramialloiah",0
"djamel_mazi",0
"mozlemgurl",0
"yunusghareeb",0
"staatsnieuwsii",0
"slum_1437",0
"55umm_c",0
"shereenaqazi",0
"ifalasteen",0
"chris1reuters",0
"gunslingerboy_",0
"manjanik_news",0
"abunighty4",0
"ummnusayba_04",0
"iac90",0
"dr_ulrichsen",0
"striv3rx",0
"newearthquake",0
"telegraphnews",0
"abc",0
"adamhasakah20",0
"thea",0
"shahzad40019853",0
"driftone0119",0
"mukhtaryare",0
"edizekinci",0
"bumimasa",0
"iskandrah",0
"imemcnews",0
"usme71",0
"abu_air_craft1",0
"bob_qa_turner",0
"khorasan15_01",0
"saqrquraysh11",0
"bi_contributors",0
"obada_amriki",0
"sultanbinbajad",0
"ikleikeshi",0
"bintblack",0
"bronson_10",0
"civilwarmap",0
"rikar_hussein",0
"jrossman12",0
"speakerryan",0
"drzuhdijasser",0
"mebriefing",0
"monaalami",0
"pzfahad",0
"samtamiz",0
"rosannamrtnz",0
"gkjoe",0
"_salnasihablvr_",0
"reynaldovege",0
"adamhasakah658",0
"anaksabil_",0
"qital_muhajir",0
"pemburumimpi_id",0
"fahrihamzah_eng",0
"deadmanmax",0
"baqiyahwitness",0
"faswaji",0
"lex65242605",0
"atjehcyber",0
"freelancefighte",0
"alkhalidi_sham",0
"rayan_muslim",0
"bafana3",0
"aid_britani",0
"jabdullah96",0
"umm_lina90",0
"2abu87h",0
"barbe_courte",0
"aa3aa1a2",0
"frdesouche",0
"dawlawitness1_",0
"shamibritaani",0
"sham",0
"shamibr",0
"adamhasakah123",0
"iqsunni",0
"sparksofirhabi5",0
"bintsaande",0
"almuwahideen",0
"inshof",0
"joinisnation111",0
"eplc27",0
"reglash",0
"tcambanis",0
"adamhasakah112",0
"a01_yousha",0
"abu_bengali",0
"toyota",0
"valentinbeaumon",0
"dailyreminders",0
"islamicpicquote",0
"vaguthuonline",0
"twdwln",0
"adamhasakah19",0
"spublish3r",0
"amalbrose",0
"nwarikoo",0
"jihadmalsabiq",0
"adamhasakah17",0
"balkannewsbeat",0
"alexand55218041",0
"companions01",0
"herrmuslim",0
"anti_druz",0
"abuhurricane",0
"nassim886065021",0
"uum_juwayriyah3",0
"tunsimarwan_vso",0
"marwantuns_i",0
"abhalmal_19",0
"nipponconnexion",0
"adamhasaka0",0
"ibn_demashq_",0
"bbcbreaking",0
"princess_sabira",0
"ecentauri",0
"mustiklashi",0
"islamictruths",0
"matthew_d_green",0
"vsoforever",0
"blackeisen",0
"thomas_caza",0
"luna_alabdalla",0
"generalfalluj41",0
"balkhi_a",0
"mayflow94912564",0
"llamameishmael",0
"whatsappmembers",0
"y13_v2",0
"kayadam19",0
"atzrf",0
"defence_blog",0
"anfkurdi",0
"astro_timpeake",0
"yusuf444333",0
"ayseaysedincer8",0
"cooldabiq5",0
"parlayanoguz",0
"saym3s",0
"retweetertweep",0
"stf_12h",0
"maestrouzy",0
"mmssnssj",0
"patmegahan",0
"daeshitweep",0
"therichhonky",0
"abdullahawez",0
"plustocks",0
"searcherv",0
"amichaistein1",0
"deen0verdunyaa",0
"mediaiou",0
"m9klakish",0
"ahmetbeyefendi",0
"remindersforall",0
"methekramerfan",0
"mystiq11",0
"adamqamish3",0
"kchoudhrey",0
"hrw",0
"rtlinfo",0
"el_maghrebi",0
"khalidi_sham",0
"saxhorse666",0
"arkonmert",0
"wszewko",0
"timosmanhaha",0
"jubasniper12",0
"ansari_captain",0
"nurofjannah",0
"1wgodd3h1lbtiz1",0
"zuzamikulova",0
"dkcagara",0
"mynameishimmu",0
"editionsplon",0
"mariamnearria",0
"ispionline",0
"abdallaha92",0
"unitekurdistan",0
"serif_imamagic0",0
"arbetarsolen",0
"mutludc",0
"asayishmedia",0
"azz10nee2",0
"infosfrancaises",0
"disaskdna1",0
"allahsfavours",0
"_the_wisdom_",0
"islamic_t4t",0
"abedadocrat",0
"maghrebiws1",0
"realhistorypk",0
"tweetsnature",0
"marwantun_si",0
"ct_analysis",0
"tmgneff",0
"martin_kramer",0
"korischake",0
"radiodabanga",0
"afaaaq20031",0
"0lnidl",0
"a1bint",0
"avashin",0
"unitewithisrael",0
"saladinisback1",0
"windofvictories",0
"hanbalisan",0
"beniummaya",0
"military_edge",0
"yusuf36612791",0
"alurdun_",0
"lelosx",0
"canaanitelord",0
"olivierrimmel",0
"pierrepuchot",0
"peigneacheveux",0
"sabranyanafsi",0
"hasan6ali",0
"sheikh_aj_quote",0
"srisri",0
"shkhrasheed",0
"mubasherlucman",0
"abumentos",0
"jettgoldsmith",0
"abou_naba_24",0
"alaanjaaalqital",0
"abdelovitch",0
"ozwitness174",0
"nikkijfox",0
"ummis_is",0
"zidan44564531",0
"africaacss",0
"abutoyota",0
"informedwitness",0
"mintpressnews",0
"turkiiii_____",0
"islamzebari",0
"masoud_barzani",0
"svobodaradio",0
"j0sephst4lin",0
"suspend_me_fags",0
"abu296h",0
"m10klashin",0
"anonish66",0
"ummlina96",0
"9996medina",0
"anaksabilanaks2",0
"htrddjt",0
"driftone127",0
"tati56555",0
"cdvdvgbjgzz",0
"vso_forever",0
"iomgbfvdvdcsc",0
"afriqqiya_252",0
"zarqawi_reqqa24",0
"czjihad",0
"durrishahwar233",0
"dhjxjdjsjshxhx",0
"bringbackvso",0
"danhrothschild",0
"ibarbecourte",0
"thehackersnews",0
"bild",0
"tweetsintheme",0
"war",0
"shami_view321",0
"khubakh",0
"shirazmaher",0
"proj000_",0
"dailycaller",0
"resolutesupport",0
"adamhasak48",0
"01sak_",0
"johnny_pineiro",0
"ionacraig",0
"frantownsend",0
"support_7220",0
"starwhite69",0
"trbrtc",0
"ambrablu",0
"abdulla52968821",0
"mini_abu",0
"eplc10",0
"mss_rossa1",0
"mf553klashi",0
"justasiave",0
"rameshfilms",0
"maghrebiws2",0
"yemen411",0
"syricide",0
"qalaatalmudiq",0
"mt156klashi",0
"keutelt",0
"wimluyckx",0
"arab_news",0
"b1ntrosee87",0
"nrkazakh",0
"salam_al_mosawy",0
"hamdihassan1",0
"b1nt88r0ses",0
"davidjo44018987",0
"luxfero_99",0
"hassanrouhani",0
"crypticlion1",0
"kakzk10ajk",0
"afpmexico",0
"support__7220",0
"omarbula",0
"obretix",0
"waze",0
"cleverbeth_",0
"malcom_x_x_10",0
"scpdhq",0
"truegreenbird2",0
"garethjordan",0
"glennkesslerwp",0
"khaledwardak",0
"5x5waqqas",0
"lesoir",0
"ibn_al__farooq",0
"warnews24_7",0
"petroleumecon",0
"lraqiai",0
"usmc",0
"deptofdefense",0
"davidbien3",0
"__yojimbo__",0
"streamleak",0
"gare",0
"iranianaffairs",0
"rtarabic",0
"izberbashmedia",0
"insensibles79",0
"infosig6",0
"maghrebiws4",0
"chevaliermahy",0
"strangerakhi",0
"plc25kl",0
"mralmubarak",0
"khadeega",0
"fulelo",0
"islamic_station",0
"jadbantha",0
"f24videos",0
"harar24editor",0
"strangerakh",0
"bezouhmalik",0
"aapatel947",0
"tbowmannpr",0
"serok_shix",0
"antimedia",0
"terrorismstudie",0
"cedikme",0
"wissem_nasraoui",0
"johnjestohutur",0
"aquila_fortis",0
"blackened22",0
"shamiconquest",0
"abusafiyyahmw",0
"fezzanlibyamg",0
"eustatios",0
"abuhhhh143",0
"banniere_noire",0
"abouandalouss",0
"health",0
"sinjar_khanasor",0
"bannierenoireen",0
"lummideast",0
"imranhosein",0
"lyer12tey",0
"ww3iskoming",0
"aylinakilic",0
"infinitdimensi1",0
"mirxank",0
"umm_of",0
"eu_interpol",0
"ford",0
"abuahmad__5",0
"thewilysage",0
"adamhasak43",0
"atajevwitness",0
"nussra_e",0
"groupanon",0
"nuhmark",0
"al_maqalaat11",0
"abrutoni",0
"gibraan8",0
"gfxgfxgfxgfx",0
"roridonaghy",0
"salman_alodah",0
"alex",0
"thelateempire",0
"newsweek",0
"safiyaimback1",0
"abumusab_110",0
"masrour_barzani",0
"indepen_patriot",0
"herepassingby",0
"johnbatt8",0
"ye_wenjie2",0
"trxknsi",0
"emrangetu3",0
"debest213",0
"freehoran74",0
"quintillion18",0
"cbswalsh",0
"urwatul_wuthqa",0
"ts_onliht132s",0
"50hafalihktalwd",0
"50",0
"akaomaralamriki",0
"islaamallday",0
"matthewfsmith",0
"nslwin",0
"abootaaloot",0
"waqqasumm",0
"iq_i92",0
"filipsweet",0
"samykamkar",0
"partyzantski",0
"ja4b_",0
"raed_alliby",0
"edele1900",0
"fandyjokolelur",0
"farahmaalimm",0
"sgreports",0
"unknowneye8",0
"pappii5",0
"mohamednasheed",0
"middleeastnewz",0
"aktaruls",0
"bqstu330",0
"cerkesmansur",0
"cbadbjjj",0
"adamhasak46",0
"maannewsagency",0
"shengalk",0
"truetorah",0
"klakishini4",0
"mountain_mak88",0
"wail75r",0
"nadiar_ly",0
"mschroeder77",0
"rien4djri",0
"hasan1li",0
"syrcoalition",0
"erhabii41",0
"zeddrebel",0
"ibn__al_farooq_",0
"ridvanmemishi3",0
"nightwalker_137",0
"live_uk_news",0
"kawlf",0
"washinstitute",0
"psmnewsmv",0
"rylay8",0
"keyzer_usual",0
"macqall",0
"libyen_insider",0
"eugeniebastie",0
"barbarastarrcnn",0
"usembbaghdad",0
"my_way_95",0
"yusuf222444",0
"strangerakh_",0
"vegetamoustache",0
"madani_sms",0
"kareem_ho",0
"prince_sam_11",0
"john_hussain1",0
"mmagreen",0
"juietalopez2",0
"kiakishini5",0
"domes_minarets",0
"abohafsakuwaiti",0
"23mariansamowol",0
"fardoush5",0
"ofpurereason",0
"eplc28",0
"_monochrome_01",0
"ninja9k",0
"frontlinepbs",0
"dabiqwarr",0
"jak_011",0
"nural__iman",0
"world_newstr",0
"khanasor_sinjar",0
"ukht_lina100",0
"__abudujanah",0
"sadiqkhan",0
"kirkukkirkukkir",0
"hussein_mujahi2",0
"theintercept",0
"alirizvi313",0
"alkurdi015",0
"thatcoffeetho",0
"jihadistjoe",0
"shakeel9042",0
"soran_hawrami",0
"klakishin6",0
"adxm82",0
"khilafahnews2",0
"alhaqqiqamedia",0
"khilafahnews3",0
"nightwalker_138",0
"a714149",0
"abhalmal_20",0
"odulimi",0
"taalibah2711",0
"noahshachtman",0
"glcarlstrom",0
"muktarbelmuktar",0
"assadistexposed",0
"yahoonews",0
"arnews1936",0
"abu_mohammed_x",0
"khn_95",0
"allahualam__",0
"meynoor_crown",0
"markurban01",0
"sam_samson51",0
"abcnewsmelb",0
"scottshanenyt",0
"itsweetsofdabiq",0
"zawjatuap",0
"waroflegends1",0
"7ulo2",0
"dowlty__isis",0
"jallaadism",0
"alamreeki12",0
"mountainzzzzzas",0
"epic320",0
"nayes102",0
"klakishini11",0
"goatdealer",0
"fsmzahit",0
"mty2061",0
"ioreiisiade",0
"wordsburning2",0
"riskstaff",0
"stranger__akh",0
"hjuagatuzalem",0
"idntylltbh",0
"navsteva",0
"yerba_mat",0
"abuhurairah9002",0
"mu_ha_mad",0
"bani_omaia",0
"rffynfxxebyh",0
"hjkdpod",0
"garybunt",0
"aqwxszec",0
"al_jazairy",0
"global_libz",0
"saiyansyrian",0
"observateurs",0
"wsj",0
"joo_gaza",0
"russianembassy",0
"torerhamming",0
"phmarliere",0
"mountainkkpouio",0
"alhabshi15",0
"brun",0
"nwrowserr",0
"deepsea28230571",0
"bdrhmnhrk",0
"ebu_nusra65",0
"rt_erdogan",0
"johkarakol",0
"conflictnews1",0
"baradaforsyria",0
"qaravazener",0
"leahmcelrath",0
"al_checheni",0
"shin_near",0
"yarotrof",0
"1_texanna",0
"scotsmaninfidel",0
"ele7vn",0
"spicylatte123",0
"sassysassyred",0
"q7_tc",0
"lewolfczu",0
"r_n_ga",0
"nbcnewyork",0
"kafirkaty",0
"jailamx",0
"piccolodaimaojr",0
"mark_infidel",0
"ruhaniqalb",0
"theislamapp",0
"ajundulla",0
"adlenmeddi",0
"amberinzaman",0
"kacsaaatoldu",0
"marcosjr_avila",0
"soda_chugger",0
"amnestyonline",0
"muslimfromchina",0
"_the_hikmah_",0
"jobahout",0
"jdanteff",0
"_phosphenia",0
"baqiafamily_299",0
"fr33_m9nd",0
"anti_shirkkkk",0
"mehdith2",0
